"Banque","Type","Adresse","Longitude","Latitude"
"Crédit Mutuel","Coopérative","32 AVENUE DU GENERAL DE GAULLE ,  01500 ,  AMBERIEU EN BUGEY",5.357069,45.96356
"Crédit Mutuel","Coopérative","11 PLACE VAUGELAS ,  01800 ,  MEXIMIEUX",5.192043,45.90318
"Crédit Mutuel","Coopérative","1103 RUE DE GENEVE ,  01120 ,  DAGNEUX",5.076059,45.8509
"Crédit Mutuel","Coopérative","434 AVENUE CHARLES DE GAULLE ,  01330 ,  VILLARS LES DOMBES",5.031419,46.00272
"Crédit Mutuel","Coopérative","8 RUE GRAMMONT ,  38230 ,  PONT DE CHERUY",5.169088,45.750331
"Crédit Mutuel","Coopérative","1 AVENUE ALPHONSE BAUDIN ,  01000 ,  BOURG EN BRESSE",5.218615,46.200558
"Crédit Mutuel","Coopérative","1 RUE CHARLES ROBIN ,  01000 ,  BOURG EN BRESSE",5.229113,46.205627
"Crédit Mutuel","Coopérative","4 COURS DE VERDUN ,  01000 ,  BOURG EN BRESSE",5.22502,46.206088
"Crédit Mutuel","Coopérative","22 BOULEVARD DU MAIL ,  01300 ,  BELLEY",5.68868,45.760349
"Crédit Mutuel","Coopérative","66 B RUE DE LA REPUBLIQUE ,  69330 ,  MEYZIEU",5.002802,45.766564
"Crédit Mutuel","Coopérative","918 GRANDE RUE ,  01700 ,  MIRIBEL",4.952038,45.823666
"Crédit Mutuel","Coopérative","112 AVENUE JEAN JAURES ,  69150 ,  DECINES CHARPIEU",4.946744,45.76925
"Crédit Mutuel","Coopérative","3006 ROUTE DE STRASBOURG ,  69140 ,  RILLIEUX LA PAPE",4.897518,45.820804
"Crédit Mutuel","Coopérative","5 AVENUE DU PROGRES ,  69680 ,  CHASSIEU",4.968922,45.737716
"Crédit Mutuel","Coopérative","1 MONTEE DU CHATEAU ,  69720 ,  ST BONNET DE MURE",5.029578,45.692789
"Crédit Mutuel","Coopérative","20 RUE EMILE ZOLA ,  69120 ,  VAULX EN VELIN",4.918625,45.7778
"Crédit Mutuel","Coopérative","395 AVENUE LESDIGUIERES ,  38290 ,  LA VERPILLIERE",5.144547,45.635456
"Crédit Mutuel","Coopérative","40 RUE DES SAYES ,  38080 ,  L ISLE D ABEAU",5.22713,45.613584
"Crédit Mutuel","Coopérative","1 RUE DE LA REPUBLIQUE ,  01200 ,  VALSERHONE",5.829025,46.108293
"Crédit Mutuel","Coopérative","5 RUE BICHAT ,  01100 ,  OYONNAX",5.655619,46.25858
"Crédit Mutuel","Coopérative","3 RUE DU CRET DU BIEF ,  39170 ,  LAVANS LES ST CLAUDE",5.776561,46.382157
"Crédit Mutuel","Coopérative","70 RUE DU PRE ,  39201 ,  ST CLAUDE",3.184979,50.739157
"Crédit Mutuel","Coopérative","23 RUE DE GENEVE ,  01630 ,  ST GENIS POUILLY",6.02465,46.242202
"Crédit Mutuel","Coopérative","RUE DES TERREAUX ,  01170 ,  GEX",6.058042,46.332805
"Crédit Mutuel","Coopérative","17 GRAND RUE ,  01210 ,  FERNEY VOLTAIRE",6.109895,46.256403
"Crédit Mutuel","Coopérative","2 RUE MONSEIGNEUR PAGET ,  74160 ,  ST JULIEN EN GENEVOIS",6.079837,46.143775
"Crédit Mutuel","Coopérative","970 ROUTE BLANCHE ,  39220 ,  LES ROUSSES",6.062803,46.48084
"Crédit Mutuel","Coopérative","203 AVENUE DE GENEVE ,  01220 ,  DIVONNE LES BAINS",6.1425,46.351661
"Crédit Mutuel","Coopérative","17 PLACE CENTRALE ,  74270 ,  FRANGY",5.928716,46.018979
"Crédit Mutuel","Coopérative","102 RUE DE GENEVE ,  74240 ,  GAILLARD",6.214073,46.191423
"Crédit Mutuel","Coopérative","11 BOULEVARD GAMBETTA ,  39000 ,  LONS LE SAUNIER",5.5511,46.668944
"Crédit Mutuel","Coopérative","75 COURS SULLY ,  39000 ,  LONS LE SAUNIER",5.545485,46.673916
"Crédit Mutuel","Coopérative","260 GRAND RUE ,  74350 ,  CRUSEILLES",6.107871,46.034107
"Crédit Mutuel","Coopérative","2 RUE DES VOIRONS ,  74100 ,  ANNEMASSE",6.234124,46.194728
"Crédit Mutuel","Coopérative","8 RUE CHARLES DUPRAZ ,  74100 ,  ANNEMASSE",6.235179,46.191428
"Crédit Mutuel","Coopérative","45 AVENUE DU GRAND PORT ,  73100 ,  AIX LES BAINS",5.907798,45.696427
"Crédit Mutuel","Coopérative","1 PLACE DU REVARD ,  73100 ,  AIX LES BAINS",5.914063,45.688286
"Crédit Mutuel","Coopérative","45 RUE HENRI SECRET ,  74540 ,  ST FELIX",5.969594,45.799211
"Crédit Mutuel","Coopérative","38 AVENUE GANTIN ,  74150 ,  RUMILLY",5.94756,45.861392
"Crédit Mutuel","Coopérative","241 AVENUE COSTA DE BEAUREGARD ,  73290 ,  LA MOTTE SERVOLEX",5.878963,45.594852
"Crédit Mutuel","Coopérative","AVENUE JEAN JAURES ,  73330 ,  LE PONT DE BEAUVOISIN",5.677104,45.535228
"Crédit Mutuel","Coopérative","124 ALLEE ALBERT SYLVESTRE ,  73000 ,  CHAMBERY",5.909818,45.582252
"Crédit Mutuel","Coopérative","16 RUE FRANCOIS GUISE ,  73000 ,  CHAMBERY",5.909043,45.578214
"Crédit Mutuel","Coopérative","10 PLACE DE GENEVE ,  73000 ,  CHAMBERY",5.918822,45.567359
"Crédit Mutuel","Coopérative","59 BOULEVARD GAMBETTA ,  38110 ,  LA TOUR DU PIN",5.448205,45.566285
"Crédit Mutuel","Coopérative","331 AVENUE DE TURIN ,  73000 ,  CHAMBERY",5.934201,45.569838
"Crédit Mutuel","Coopérative","13 AVENUE DE TURIN ,  73000 ,  BASSENS",5.947874,45.573207
"Crédit Mutuel","Coopérative","47 AVENUE DE CHAMP FLEURI ,  74600 ,  ANNECY",6.100056,45.887655
"Crédit Mutuel","Coopérative","AVENUE DENIS THERME ,  73630 ,  LE CHATELARD",6.134332,45.687846
"Crédit Mutuel","Coopérative","10 ROUTE DE FRANGY ,  74960 ,  ANNECY",6.09474,45.913113
"Crédit Mutuel","Coopérative","111 AVENUE ROGER SALENGRO ,  69100 ,  VILLEURBANNE",4.878953,45.778228
"Crédit Mutuel","Coopérative","1 AVENUE ARISTIDE BRIAND ,  69100 ,  VILLEURBANNE",4.879196,45.766914
"Crédit Mutuel","Coopérative","33 PLACE JULES GRANDCLEMENT ,  69100 ,  VILLEURBANNE",4.887274,45.758927
"Crédit Mutuel","Coopérative","5 MONTEE CASTELLANE ,  69300 ,  CALUIRE ET CUIRE",4.846304,45.799231
"Crédit Mutuel","Coopérative","18 COURS EMILE ZOLA ,  69100 ,  VILLEURBANNE",4.888325,45.767718
"Crédit Mutuel","Coopérative","12 QUAI PASTEUR ,  69250 ,  NEUVILLE SUR SAONE",4.838709,45.875552
"Crédit Mutuel","Coopérative","3 COURS EMILE ZOLA ,  69100 ,  VILLEURBANNE",4.862598,45.770618
"Crédit Mutuel","Coopérative","70 COURS DOCTEUR LONG ,  69003 ,  LYON",4.885936,45.749912
"Crédit Mutuel","Coopérative","140 AVENUE FRANKLIN ROOSEVELT ,  69500 ,  BRON",4.908008,45.733638
"Crédit Mutuel","Coopérative","36 COURS VITTON ,  69006 ,  LYON",4.853695,45.769501
"Crédit Mutuel","Coopérative","31 RUE GARIBALDI ,  69006 ,  LYON",4.850364,45.771201
"Crédit Mutuel","Coopérative","34 AVENUE LACASSAGNE ,  69003 ,  LYON",4.866864,45.754252
"Crédit Mutuel","Coopérative","154 COURS LAFAYETTE ,  69003 ,  LYON",4.855417,45.763575
"Crédit Mutuel","Coopérative","1313 AVENUE CHARLES DE GAULLE ,  71000 ,  MACON",4.837248,46.317056
"Crédit Mutuel","Coopérative","75 GRANDE RUE DE LA COUPEE ,  71850 ,  CHARNAY LES MACON",4.809787,46.30847
"Crédit Mutuel","Coopérative","16 RUE DE LA REPUBLIQUE ,  69220 ,  BELLEVILLE",4.750593,46.108736
"Crédit Mutuel","Coopérative","23 RUE DU PALAIS ,  01600 ,  TREVOUX",4.778495,45.940316
"Crédit Mutuel","Coopérative","58 BOULEVARD GENERAL LECLERC ,  69654 ,  VILLEFRANCHE SAONE",4.715748,45.995679
"Crédit Mutuel","Coopérative","1 RUE D ALSACE ,  71500 ,  LOUHANS",5.226167,46.629999
"Crédit Mutuel","Coopérative","58 AVENUE DU PRE AUX MOUTONS ,  69480 ,  ANSE",4.719653,45.938224
"Crédit Mutuel","Coopérative","2 RUE DU VALLON D OR ,  69370 ,  ST DIDIER AU MONT D OR",4.794781,45.810351
"Crédit Mutuel","Coopérative","6 C AVENUE DE L HIPPODROME ,  69890 ,  LA TOUR DE SALVAGNY",4.718487,45.811
"Crédit Mutuel","Coopérative","5 PLACE PIERRE MARIE DURAND ,  69210 ,  L ARBRESLE",4.615348,45.835647
"Crédit Mutuel","Coopérative","46 AVENUE LANESSAN ,  69410 ,  CHAMPAGNE AU MONT D OR",4.792467,45.795256
"Crédit Mutuel","Coopérative","50 QUAI PAUL SEDALLIAN ,  69009 ,  LYON",4.815237,45.788479
"Crédit Mutuel","Coopérative","8 RUE RHIN ET DANUBE ,  69337 ,  LYON",4.80994,45.783046
"Crédit Mutuel","Coopérative","2 RUE DU 24 MARS 1852 ,  69009 ,  LYON",4.806431,45.7815
"Crédit Mutuel","Coopérative","PLACE JOANNES AMBRE ,  69004 ,  LYON",4.832853,45.781359
"Crédit Mutuel","Coopérative","SQUARE DE VERDUN ,  69260 ,  CHARBONNIERES LES BAINS",4.736102,45.782366
"Crédit Mutuel","Coopérative","90 RUE DU CENTRE ,  74140 ,  DOUVAINE",6.306102,46.306876
"Crédit Mutuel","Coopérative","16 AVENUE DES CHARMES ,  74140 ,  SCIEZ",6.374631,46.331469
"Crédit Mutuel","Coopérative","54 AVENUE DU LEMAN ,  74890 ,  BONS EN CHABLAIS",6.371383,46.265034
"Crédit Mutuel","Coopérative","1075 ROUTE DES TATTES DE BORLY ,  74380 ,  CRANVES SALES",6.279975,46.183619
"Crédit Mutuel","Coopérative","30 AVENUE DE GENEVE ,  74200 ,  THONON LES BAINS",6.457149,46.360794
"Crédit Mutuel","Coopérative","12 AVENUE DU GENERAL DE GAULLE ,  74200 ,  THONON LES BAINS",6.476279,46.369537
"Crédit Mutuel","Coopérative","217 RUE DE LA VALLEE VERTE ,  74420 ,  BOEGE",6.403217,46.207372
"Crédit Mutuel","Coopérative","24 RUE DU DOCTEUR GOY ,  74930 ,  REIGNIER ESERY",6.270095,46.136594
"Crédit Mutuel","Coopérative","163 RUE DE LA DRANSE ,  74360 ,  ABONDANCE",6.718422,46.280195
"Crédit Mutuel","Coopérative","16 ALLEE DE LA THYOLLIRE ,  74250 ,  VIUZ EN SALLAZ",6.400464,46.143251
"Crédit Mutuel","Coopérative","157 RUE CARNOT ,  74800 ,  LA ROCHE SUR FORON",6.31134,46.066258
"Crédit Mutuel","Coopérative","18 RUE DUQUESNE ,  69006 ,  LYON",4.844433,45.772484
"Crédit Mutuel","Coopérative","5 RUE MEZELLE ,  69170 ,  TARARE",4.433145,45.896654
"Crédit Mutuel","Coopérative","30 ROUTE DE DOLE ,  71380 ,  ST MARCEL",4.896373,46.776646
"Crédit Mutuel","Coopérative","2 AVENUE GEORGES POMPIDOU ,  71100 ,  CHALON SUR SAONE",4.846009,46.779483
"Crédit Mutuel","Coopérative","6 B RUE OLIVIER MESSIAEN ,  71100 ,  CHALON SUR SAONE",4.84619,46.779369
"Crédit Mutuel","Coopérative","21 BOULEVARD DE LA REPUBLIQUE ,  71100 ,  CHALON SUR SAONE",4.849552,46.783449
"Crédit Mutuel","Coopérative","24 BOULEVARD DE LA REPUBLIQUE ,  71100 ,  CHALON SUR SAONE",4.849671,46.783724
"Crédit Mutuel","Coopérative","22 PLACE DE BEAUNE ,  71100 ,  CHALON SUR SAONE",4.855215,46.784434
"Crédit Mutuel","Coopérative","4 RUE BENOIT TABARD ,  69130 ,  ECULLY",4.777361,45.773696
"Crédit Mutuel","Coopérative","226 ROUTE D ANNECY ,  74370 ,  ANNECY",6.16421,45.975762
"Crédit Mutuel","Coopérative","2 RUE LUCIE AUBRAC ,  74000 ,  ANNECY",6.123198,45.919393
"Crédit Mutuel","Coopérative","17 AVENUE DE LA REPUBLIQUE ,  74960 ,  ANNECY",6.107309,45.907398
"Crédit Mutuel","Coopérative","99 AVENUE DE GENEVE ,  74054 ,  ANNECY",6.123725,45.918313
"Crédit Mutuel","Coopérative","5 AVENUE BERTHOLLET ,  74000 ,  ANNECY",6.1218,45.90355
"Crédit Mutuel","Coopérative","63 RUE CARNOT ,  02400 ,  CHATEAU THIERRY",3.404232,49.041206
"Crédit Mutuel","Coopérative","2 PLACE DU DOCTEUR MOUFLIER ,  02600 ,  VILLERS COTTERETS",3.090588,49.254556
"Crédit Mutuel","Coopérative","15 COURS GAMBETTA ,  77120 ,  COULOMMIERS",3.085025,48.814898
"Crédit Mutuel","Coopérative","2 RUE CHARPENTIER ,  02200 ,  SOISSONS",3.328681,49.379025
"Crédit Mutuel","Coopérative","2 RUE DE CHAAGE ,  77100 ,  MEAUX",2.87907,48.962287
"Crédit Mutuel","Coopérative","5 RUE JEAN PIERROT ,  51200 ,  EPERNAY",3.955003,49.042934
"Crédit Mutuel","Coopérative","64 RUE NATIONALE ,  60800 ,  CREPY EN VALOIS",2.887926,49.236582
"Crédit Mutuel","Coopérative","6 RUE HENRI MOISSAN ,  51430 ,  BEZANNES",3.996377,49.217873
"Crédit Mutuel","Coopérative","58 PLACE DE L EGLISE ,  60330 ,  LE PLESSIS BELLEVILLE",2.756328,49.094972
"Crédit Mutuel","Coopérative","36 RUE DE MAGNY ,  77700 ,  BAILLY ROMAINVILLIERS",2.819827,48.84962
"Crédit Mutuel","Coopérative","2 T RUE DES ANEMONES ,  51430 ,  TINQUEUX",3.992308,49.249955
"Crédit Mutuel","Coopérative","14 COURS DU DANUBE ,  77700 ,  SERRIS",2.778259,48.856748
"Crédit Mutuel","Coopérative","14 RUE EDOUARD MIGNOT ,  51064 ,  REIMS",4.021412,49.259857
"Crédit Mutuel","Coopérative","21 RUE CONDORCET ,  51100 ,  REIMS",4.028017,49.254167
"Crédit Mutuel","Coopérative","23 ESPLANADE FLECHAMBAULT ,  51100 ,  REIMS",4.038786,49.242272
"Crédit Mutuel","Coopérative","79 AVENUE DE LAON ,  51100 ,  REIMS",4.025614,49.265934
"Crédit Mutuel","Coopérative","10 PLACE DE L HOTEL DE VILLE ,  02300 ,  CHAUNY",3.218588,49.61555
"Crédit Mutuel","Coopérative","25 PLACE BERTRAND LABARRE ,  60400 ,  NOYON",2.999928,49.580726
"Crédit Mutuel","Coopérative","1 RUE NOTRE DAME ,  80400 ,  HAM",3.071951,49.748521
"Crédit Mutuel","Coopérative","2 RUE ANATOLE DE LA FORGE ,  02100 ,  ST QUENTIN",3.290043,49.844403
"Crédit Mutuel","Coopérative","28 RUE D ISLE ,  02100 ,  ST QUENTIN",3.29064,49.844757
"Crédit Mutuel","Coopérative","3 PLACE CROMMELIN ,  02100 ,  ST QUENTIN",3.286633,49.852721
"Crédit Mutuel","Coopérative","5 PLACE VICTOR HUGO ,  02000 ,  LAON",3.63347,49.57053
"Crédit Mutuel","Coopérative","18 RUE D AMIENS ,  80700 ,  ROYE",2.787882,49.698722
"Crédit Mutuel","Coopérative","16 RUE D AMIENS ,  60200 ,  COMPIEGNE",2.821586,49.42229
"Crédit Mutuel","Coopérative","4 PLACE SAINT JACQUES ,  60200 ,  COMPIEGNE",2.826767,49.417107
"Crédit Mutuel","Coopérative","6 PLACE DE L ANCIEN HOPITAL ,  60200 ,  COMPIEGNE",2.821827,49.412714
"Crédit Mutuel","Coopérative","18 PLACE DU CDT LOUIS DAUDRE ,  80200 ,  PERONNE",2.934648,49.929489
"Crédit Mutuel","Coopérative","34 RUE LOUIS PIERRE DUGROSPREZ ,  60610 ,  LACROIX ST OUEN",2.785599,49.380779
"Crédit Mutuel","Coopérative","50 PLACE D ARMES ,  02120 ,  GUISE",3.627511,49.900153
"Crédit Mutuel","Coopérative","581 AVENUE DU GENERAL DE GAULLE ,  59231 ,  GOUZEAUCOURT",3.125022,50.055565
"Crédit Mutuel","Coopérative","10 RUE HENRI BODCHON ,  60700 ,  PONT STE MAXENCE",2.606178,49.301125
"Crédit Mutuel","Coopérative","10 PLACE SADI CARNOT ,  59360 ,  LE CATEAU CAMBRESIS",3.543396,50.104711
"Crédit Mutuel","Coopérative","15 PLACE ANDRE BONNAIRE ,  59550 ,  LANDRECIES",3.6909,50.124937
"Crédit Mutuel","Coopérative","12 PLACE EUGENE FIEVET ,  59540 ,  CAUDRY",3.407865,50.123253
"Crédit Mutuel","Coopérative","10 RUE CHARLES DE GAULLE ,  02500 ,  HIRSON",4.081209,49.92367
"Crédit Mutuel","Coopérative","28 RUE JEAN JAURES ,  59610 ,  FOURMIES",4.049141,50.015759
"Crédit Mutuel","Coopérative","12 RUE SAINT BARTHELEMY ,  59440 ,  AVESNES SUR HELPE",3.929888,50.123256
"Crédit Mutuel","Coopérative","5 RUE EMILE DUEE ,  59730 ,  SOLESMES",3.498712,50.184709
"Crédit Mutuel","Coopérative","16 AVENUE DE LA GARE ,  59440 ,  AVESNES SUR HELPE",3.933071,50.126255
"Crédit Mutuel","Coopérative","27 RUE JEAN JAURES ,  59620 ,  AULNOYE AYMERIES",3.841261,50.19933
"Crédit Mutuel","Coopérative","13 RUE CAMELINAT ,  59129 ,  AVESNES LES AUBERT",3.379819,50.197324
"Crédit Mutuel","Coopérative","18 RUE JEAN JAURES ,  59530 ,  LE QUESNOY",3.637974,50.248247
"Crédit Mutuel","Coopérative","24 RUE DU GENERAL DE GAULLE ,  59400 ,  CAMBRAI",3.2379,50.175248
"Crédit Mutuel","Coopérative","58 AVENUE DE LA VICTOIRE ,  59400 ,  CAMBRAI",3.232048,50.171926
"Crédit Mutuel","Coopérative","16 GRAND PLACE ,  59740 ,  SOLRE LE CHATEAU",4.091684,50.174398
"Crédit Mutuel","Coopérative","36 PLACE DE GAULLE ,  59330 ,  HAUTMONT",3.920297,50.250537
"Crédit Mutuel","Coopérative","46 RUE GAMBETTA ,  08500 ,  REVIN",4.63959,49.94165
"Crédit Mutuel","Coopérative","1 PLACE DES NATIONS ,  59600 ,  MAUBEUGE",3.973657,50.278653
"Crédit Mutuel","Coopérative","68 RUE HECTOR DESPRET ,  59460 ,  JEUMONT",4.101023,50.296707
"Crédit Mutuel","Coopérative","20 PLACE DU 11 NOVEMBRE ,  59570 ,  BAVAY",3.792882,50.299763
"Crédit Mutuel","Coopérative","1 RUE NOEL ,  08000 ,  CHARLEVILLE MEZIERES",4.718772,49.774187
"Crédit Mutuel","Coopérative","2 PLACE DE NEVERS ,  08102 ,  CHARLEVILLE MEZIERES",4.718621,49.774096
"Crédit Mutuel","Coopérative","14 AVENUE D ARCHES ,  08000 ,  CHARLEVILLE MEZIERES",4.719399,49.762756
"Crédit Mutuel","Coopérative","2 RUE BAUDIN ,  08000 ,  CHARLEVILLE MEZIERES",4.729902,49.752439
"Crédit Mutuel","Coopérative","61 AVENUE NATIONALE ,  51100 ,  REIMS",4.005072,49.289344
"Crédit Mutuel","Coopérative","146 AVENUE JEAN JAURES ,  51100 ,  REIMS",4.049396,49.260916
"Crédit Mutuel","Coopérative","23 GRAND PLACE ,  62147 ,  HERMIES",3.036321,50.111447
"Crédit Mutuel","Coopérative","123 AVENUE DE VALENCIENNES ,  59400 ,  CAMBRAI",3.248678,50.181642
"Crédit Mutuel","Coopérative","20 PLACE HENRI IV ,  60300 ,  SENLIS",2.583011,49.205546
"Crédit Mutuel","Coopérative","12 PLACE DE LA LIBERTE ,  95470 ,  FOSSES",2.524922,49.100237
"Crédit Mutuel","Coopérative","24 RUE GAMBETTA ,  60100 ,  CREIL",2.474022,49.263396
"Crédit Mutuel","Coopérative","93 RUE DU GENERAL DE GAULLE ,  60180 ,  NOGENT SUR OISE",2.468269,49.27471
"Crédit Mutuel","Coopérative","142 RUE DU CONNETABLE ,  60500 ,  CHANTILLY",2.466467,49.194222
"Crédit Mutuel","Coopérative","7 PLACE DE LA ROCHEFOUCAULD ,  60140 ,  LIANCOURT",2.464612,49.329643
"Crédit Mutuel","Coopérative","16 RUE DU PRESIDENT WILSON ,  03200 ,  VICHY",3.42125,46.1246
"Crédit Mutuel","Coopérative","42 PLACE VICTOR HUGO ,  03300 ,  CUSSET",3.456347,46.132546
"Crédit Mutuel","Coopérative","53 BOULEVARD LEDRU ROLLIN ,  03500 ,  ST POURCAIN SUR SIOULE",3.290075,46.308895
"Crédit Mutuel","Coopérative","27 AVENUE DU GENERAL DE GAULLE ,  63300 ,  THIERS",3.514757,45.842634
"Crédit Mutuel","Coopérative","1 PLACE MALOUET ,  63200 ,  RIOM",3.112681,45.893992
"Crédit Mutuel","Coopérative","100 AVENUE JEAN JAURES ,  63200 ,  MOZAC",3.07599,45.889846
"Crédit Mutuel","Coopérative","19 RUE DE L HOTEL DE VILLE ,  63430 ,  PONT DU CHATEAU",3.248375,45.798907
"Crédit Mutuel","Coopérative","3 AVENUE DU 8 MAI ,  63118 ,  CEBAZAT",3.102654,45.830433
"Crédit Mutuel","Coopérative","PLACE DU TREVE ,  42430 ,  ST JUST EN CHEVALET",3.846549,45.914591
"Crédit Mutuel","Coopérative","3 PLACE DE LA FONTAINE ,  63100 ,  CLERMONT FERRAND",3.113393,45.790874
"Crédit Mutuel","Coopérative","4 RUE CLAUDE PEURIERE ,  42440 ,  NOIRETABLE",3.765929,45.816722
"Crédit Mutuel","Coopérative","26 PLACE DELILLE ,  63000 ,  CLERMONT FERRAND",3.091634,45.780799
"Crédit Mutuel","Coopérative","2 PLACE JOSEPH GARDET ,  63800 ,  COURNON D AUVERGNE",3.197321,45.739827
"Crédit Mutuel","Coopérative","59 B BOULEVARD LAFAYETTE ,  63000 ,  CLERMONT FERRAND",3.094759,45.773274
"Crédit Mutuel","Coopérative","81 RUE FONTGIEVE ,  63004 ,  CLERMONT FERRAND",3.076265,45.78074
"Crédit Mutuel","Coopérative","10 RUE DES SALLES ,  63000 ,  CLERMONT FERRAND",3.080177,45.775703
"Crédit Mutuel","Coopérative","61 B RUE BLATIN ,  63000 ,  CLERMONT FERRAND",3.076716,45.776488
"Crédit Mutuel","Coopérative","61 RUE BLATIN ,  63000 ,  CLERMONT FERRAND",3.076548,45.776543
"Crédit Mutuel","Coopérative","18 PLACE DU 14 JUILLET ,  03600 ,  COMMENTRY",2.742062,46.289179
"Crédit Mutuel","Coopérative","9 BOULEVARD DE COURTAIS ,  03100 ,  MONTLUCON",2.601623,46.340222
"Crédit Mutuel","Coopérative","59 AVENUE ALBERT THOMAS ,  03100 ,  MONTLUCON",2.589614,46.353301
"Crédit Mutuel","Coopérative","30 RUE NATIONALE ,  18200 ,  ST AMAND MONTROND",2.505389,46.723177
"Crédit Mutuel","Coopérative","27 RUE GAMBETTA ,  03000 ,  MOULINS",3.332671,46.563452
"Crédit Mutuel","Coopérative","26 PLACE JULES FERRY ,  03400 ,  YZEURE",3.353989,46.566176
"Crédit Mutuel","Coopérative","30 B AVENUE DE ROYAT ,  63400 ,  CHAMALIERES",3.067143,45.775792
"Crédit Mutuel","Coopérative","32 AVENUE DU GENERAL DE GAULLE ,  71160 ,  DIGOIN",3.983206,46.481661
"Crédit Mutuel","Coopérative","315 AVENUE CHARLES DE GAULLE ,  42153 ,  RIORGES",4.064546,46.053421
"Crédit Mutuel","Coopérative","23 PLACE VICTOR HUGO ,  42300 ,  ROANNE",4.057177,46.038708
"Crédit Mutuel","Coopérative","2 PLACE DE L HOTEL DE VILLE ,  42300 ,  ROANNE",4.073793,46.03455
"Crédit Mutuel","Coopérative","42 AVENUE DE LA LIBERATION ,  42120 ,  LE COTEAU",4.083564,46.029788
"Crédit Mutuel","Coopérative","31 PLACE BONNYAUD ,  23000 ,  GUERET",1.870603,46.168933
"Crédit Mutuel","Coopérative","25 RUE ZIZIM ,  23400 ,  BOURGANEUF",1.755934,45.953552
"Crédit Mutuel","Coopérative","10 RUE COLBERT ,  08300 ,  RETHEL",4.364961,49.507592
"Crédit Mutuel","Coopérative","9 PLACE DU CHAMP DE FOIRE ,  58302 ,  DECIZE",3.462117,46.830068
"Crédit Mutuel","Coopérative","1 AVENUE JEAN PAUL II ,  71600 ,  PARAY LE MONIAL",4.119614,46.45076
"Crédit Mutuel","Coopérative","26 B RUE DE LA LIBERTE ,  71130 ,  GUEUGNON",4.062497,46.600762
"Crédit Mutuel","Coopérative","8 B PLACE CARNOT ,  58002 ,  NEVERS",3.157051,46.989263
"Crédit Mutuel","Coopérative","88 B RUE HENRY BOUQUILLARD ,  58000 ,  NEVERS",3.135949,46.994273
"Crédit Mutuel","Coopérative","64 BOULEVARD CAMILLE DAGONNEAU ,  58640 ,  VARENNES VAUZELLES",3.14954,47.015302
"Crédit Mutuel","Coopérative","27 RUE NATIONALE ,  71420 ,  GENELARD",4.235713,46.58059
"Crédit Mutuel","Coopérative","15 PLACE DE LA BOUVERIE ,  42190 ,  CHARLIEU",4.174196,46.157916
"Crédit Mutuel","Coopérative","15 AVENUE LAZARE CARNOT ,  83300 ,  DRAGUIGNAN",6.466072,43.535552
"Crédit Mutuel","Coopérative","24 PLACE GENERAL DE GAULLE ,  04000 ,  DIGNE LES BAINS",6.236461,44.092811
"Crédit Mutuel","Coopérative","45 CHEMIN DE L ORME ,  06130 ,  GRASSE",6.943742,43.652988
"Crédit Mutuel","Coopérative","27 AVENUE DE CANNES ,  06370 ,  MOUANS SARTOUX",6.971175,43.620247
"Crédit Mutuel","Coopérative","589 AVENUE DE CANNES ,  06210 ,  MANDELIEU LA NAPOULE",6.937388,43.545234
"Crédit Mutuel","Coopérative","142 AVENUE FRANCIS TONNER ,  06150 ,  CANNES",6.969992,43.549939
"Crédit Mutuel","Coopérative","33 RUE ALBERT EINAUDI ,  83600 ,  FREJUS",6.741201,43.433186
"Crédit Mutuel","Coopérative","14 AVENUE DE LA RESISTANCE ,  06140 ,  VENCE",7.109557,43.722938
"Crédit Mutuel","Coopérative","274 AVENUE DE GRASSE ,  06400 ,  CANNES",7.005277,43.568571
"Crédit Mutuel","Coopérative","98 B BOULEVARD SADI CARNOT ,  06110 ,  LE CANNET",7.01621,43.568138
"Crédit Mutuel","Coopérative","139 QUAI ALBERT 1ER ,  83700 ,  ST RAPHAEL",6.766054,43.422756
"Crédit Mutuel","Coopérative","87 RUE FELIX FAURE ,  06400 ,  CANNES",7.016016,43.55233
"Crédit Mutuel","Coopérative","1 AVENUE DU TAPIS VERT ,  06220 ,  VALLAURIS",7.056529,43.575975
"Crédit Mutuel","Coopérative","8 AVENUE DOCTEUR JULIEN LEFEBVRE ,  06270 ,  VILLENEUVE LOUBET",7.133171,43.636011
"Crédit Mutuel","Coopérative","3 AVENUE DE L HOTEL DES POSTES ,  06800 ,  CAGNES SUR MER",7.150482,43.66266
"Crédit Mutuel","Coopérative","4 AVENUE PIERRE DE COUBERTIN ,  06200 ,  NICE",7.194458,43.710452
"Crédit Mutuel","Coopérative","CARREFOUR DES DIABLES BLEUS ,  06600 ,  ANTIBES",7.120302,43.582562
"Crédit Mutuel","Coopérative","117 BOULEVARD DU PRESIDENT WILSON ,  06160 ,  ANTIBES",7.113637,43.568902
"Crédit Mutuel","Coopérative","73 AVENUE DU GENERAL LECLERC ,  06700 ,  ST LAURENT DU VAR",7.190196,43.672346
"Crédit Mutuel","Coopérative","8 BOULEVARD ELEMIR BOURGES ,  04100 ,  MANOSQUE",5.782408,43.831753
"Crédit Mutuel","Coopérative","4 RUE FAURE DU SERRE ,  05000 ,  GAP",6.081627,44.561499
"Crédit Mutuel","Coopérative","29 RUE DENIS PAPIN ,  84120 ,  PERTUIS",5.499218,43.677943
"Crédit Mutuel","Coopérative","248 AVENUE GABRIEL PERI ,  83470 ,  ST MAXIMIN LA STE BAUME",5.855791,43.454255
"Crédit Mutuel","Coopérative","6 RUE VITRY ,  83170 ,  BRIGNOLES",6.063597,43.407379
"Crédit Mutuel","Coopérative","30 AVENUE DE LA GRANDE BEGUDE ,  13770 ,  VENELLES",5.47736,43.588669
"Crédit Mutuel","Coopérative","34 COURS MIRABEAU ,  13100 ,  AIX EN PROVENCE",5.449574,43.52664
"Crédit Mutuel","Coopérative","531 AVENUE PAUL JULIEN ,  13100 ,  LE THOLONET",5.486602,43.511095
"Crédit Mutuel","Coopérative","6 PLACE JEANNE D ARC ,  13100 ,  AIX EN PROVENCE",5.44463,43.527131
"Crédit Mutuel","Coopérative","6 COURS DES MINIMES ,  13100 ,  AIX EN PROVENCE",5.43869,43.528941
"Crédit Mutuel","Coopérative","30 AVENUE DE L EUROPE ,  13090 ,  AIX EN PROVENCE",5.433729,43.524129
"Crédit Mutuel","Coopérative","190 RUE MARCELLE ISOARD ,  13090 ,  AIX EN PROVENCE",5.4145,43.506454
"Crédit Mutuel","Coopérative","131 PLACE DE VERDUN ,  84201 ,  CARPENTRAS",5.052391,44.055827
"Crédit Mutuel","Coopérative","92 COURS BOURNISSAC ,  84306 ,  CAVAILLON",5.037663,43.834764
"Crédit Mutuel","Coopérative","4 COURS DE LA REPUBLIQUE ,  13120 ,  GARDANNE",5.471177,43.455191
"Crédit Mutuel","Coopérative","53 AVENUE DES MARRONNIERS ,  13112 ,  LA DESTROUSSE",5.599682,43.387529
"Crédit Mutuel","Coopérative","7 ALLEES DE CRAPONNE ,  13300 ,  SALON DE PROVENCE",5.099311,43.637642
"Crédit Mutuel","Coopérative","2 AVENUE HENRI ROCHIER ,  26110 ,  NYONS",5.138897,44.360952
"Crédit Mutuel","Coopérative","670 AVENUE DU CANTON VERT ,  13190 ,  ALLAUCH",5.472603,43.34226
"Crédit Mutuel","Coopérative","10 AVENUE DU 8 MAI 1945 ,  13240 ,  SEPTEMES LES VALLONS",5.359331,43.386815
"Crédit Mutuel","Coopérative","107 BOULEVARD BARA ,  13013 ,  MARSEILLE",5.450298,43.347193
"Crédit Mutuel","Coopérative","1 RUE CHARLES BORELLO ,  84600 ,  VALREAS",4.990926,44.386752
"Crédit Mutuel","Coopérative","5 AVENUE DU GENERAL DE GAULLE ,  05100 ,  BRIANCON",6.633079,44.895672
"Crédit Mutuel","Coopérative","20 RUE DUCROZ ,  73300 ,  ST JEAN DE MAURIENNE",6.344045,45.277563
"Crédit Mutuel","Coopérative","105 AVENUE DU 8 MAI 1945 ,  73600 ,  MOUTIERS TARENTAISE",6.53009,45.486145
"Crédit Mutuel","Coopérative","613 ROUTE DE GRENOBLE ,  38420 ,  LE VERSOUD",5.852276,45.20911
"Crédit Mutuel","Coopérative","742 AVENUE MAURICE THOREZ ,  38220 ,  VIZILLE",5.765502,45.082762
"Crédit Mutuel","Coopérative","907 AVENUE AMBROISE CROIZAT ,  38920 ,  CROLLES",5.890897,45.270959
"Crédit Mutuel","Coopérative","RUE DE PREPONTIN ,  38660 ,  LE TOUVET",5.956646,45.357097
"Crédit Mutuel","Coopérative","10 PLACE ANTOINE PERRIER ,  73110 ,  LA ROCHETTE",6.119023,45.456692
"Crédit Mutuel","Coopérative","112 AVENUE AMBROISE CROIZAT ,  38400 ,  ST MARTIN D HERES",5.752907,45.18418
"Crédit Mutuel","Coopérative","35 GRANDE RUE ,  73220 ,  VAL D ARC",6.303867,45.542645
"Crédit Mutuel","Coopérative","42 AVENUE DE LA PLAINE FLEURIE ,  38240 ,  MEYLAN",5.76044,45.203438
"Crédit Mutuel","Coopérative","42 AVENUE DU 8 MAI 1945 ,  38130 ,  ECHIROLLES",5.717533,45.148636
"Crédit Mutuel","Coopérative","998 AVENUE DE LA GARE ,  38530 ,  PONTCHARRA",6.009054,45.434445
"Crédit Mutuel","Coopérative","41 RUE ALFRED DE VIGNY ,  38100 ,  GRENOBLE",5.723142,45.166305
"Crédit Mutuel","Coopérative","22 PLACE DE LA LIBERATION ,  38450 ,  VIF",5.669203,45.055755
"Crédit Mutuel","Coopérative","11 PLACE GUSTAVE RIVET ,  38000 ,  GRENOBLE",5.7275,45.181518
"Crédit Mutuel","Coopérative","3 PLACE DOCTEUR GIRARD ,  38000 ,  GRENOBLE",5.737352,45.197153
"Crédit Mutuel","Coopérative","8 AVENUE ALSACE LORRAINE ,  38000 ,  GRENOBLE",5.722206,45.189249
"Crédit Mutuel","Coopérative","100 AVENUE GENERAL DE GAULLE ,  38180 ,  SEYSSINS",5.693043,45.160823
"Crédit Mutuel","Coopérative","46 BOULEVARD JOSEPH VALLIER ,  38000 ,  GRENOBLE",5.708078,45.180357
"Crédit Mutuel","Coopérative","2 RUE AMPERE ,  38000 ,  GRENOBLE",5.705709,45.187949
"Crédit Mutuel","Coopérative","1 PLACE FIRMIN GAUTIER ,  38027 ,  GRENOBLE",5.711992,45.190624
"Crédit Mutuel","Coopérative","2 RUE JEAN MACE ,  38000 ,  GRENOBLE",5.716446,45.192002
"Crédit Mutuel","Coopérative","130 B AVENUE DU VERCORS ,  38600 ,  FONTAINE",5.686553,45.192127
"Crédit Mutuel","Coopérative","455 PROMENADE DES ANGLAIS ,  06200 ,  NICE",7.216494,43.667161
"Crédit Mutuel","Coopérative","254 AVENUE DE LA CALIFORNIE ,  06200 ,  NICE",7.229295,43.679062
"Crédit Mutuel","Coopérative","24 AVENUE DE LA CALIFORNIE ,  06200 ,  NICE",7.242995,43.690742
"Crédit Mutuel","Coopérative","24 RUE DE LA REPUBLIQUE ,  06500 ,  MENTON",7.50323,43.775516
"Crédit Mutuel","Coopérative","102 BOULEVARD GENERAL DE GAULLE ,  06340 ,  LA TRINITE",7.312909,43.742838
"Crédit Mutuel","Coopérative","35 RUE BARBERIS ,  06300 ,  NICE",7.286355,43.704275
"Crédit Mutuel","Coopérative","19 RUE PASTORELLI ,  06000 ,  NICE",7.272417,43.701124
"Crédit Mutuel","Coopérative","21 RUE ALEXANDRE MARI ,  06300 ,  NICE",7.274638,43.696142
"Crédit Mutuel","Coopérative","29 AVENUE JEAN MEDECIN ,  06011 ,  NICE",7.26715,43.701697
"Crédit Mutuel","Coopérative","21 RUE DE LA BUFFA ,  06007 ,  NICE",7.262631,43.697149
"Crédit Mutuel","Coopérative","69 BOULEVARD GORBELLA ,  06100 ,  NICE",7.2558,43.724942
"Crédit Mutuel","Coopérative","28 BOULEVARD JOSEPH GARNIER ,  06000 ,  NICE",7.25829,43.710162
"Crédit Mutuel","Coopérative","20 AVENUE DE L EUROPE ,  07100 ,  ANNONAY",4.671559,45.241728
"Crédit Mutuel","Coopérative","15 RUE DE LA JUSTICE ,  07430 ,  DAVEZIEUX",4.705007,45.260962
"Crédit Mutuel","Coopérative","5 AVENUE DESIRE VALETTE ,  26240 ,  ST VALLIER",4.815139,45.176922
"Crédit Mutuel","Coopérative","46 RUE DU 19 MARS 1962 ,  38150 ,  SALAISE SUR SANNE",4.805215,45.338398
"Crédit Mutuel","Coopérative","14 PLACE RAMBAUD ,  26140 ,  ANNEYRON",4.887284,45.271559
"Crédit Mutuel","Coopérative","104 RUE DE LA REPUBLIQUE ,  38550 ,  LE PEAGE DE ROUSSILLON",4.798936,45.37235
"Crédit Mutuel","Coopérative","28 AVENUE MARECHAL FOCH ,  07300 ,  TOURNON SUR RHONE",4.82538,45.071193
"Crédit Mutuel","Coopérative","450 AVENUE DES LOTS ,  26600 ,  TAIN L HERMITAGE",4.865574,45.068603
"Crédit Mutuel","Coopérative","10 RUE DE LA LIBERTE ,  69420 ,  CONDRIEU",4.768091,45.461732
"Crédit Mutuel","Coopérative","81 COURS FAURIEL ,  42100 ,  ST ETIENNE",4.405751,45.426111
"Crédit Mutuel","Coopérative","PLACE SAINT PIERRE ,  42400 ,  ST CHAMOND",4.513051,45.478196
"Crédit Mutuel","Coopérative","4 PLACE BELLEVUE ,  42100 ,  ST ETIENNE",4.393332,45.416498
"Crédit Mutuel","Coopérative","11 RUE DES DOCTEURS CHARCOT ,  42100 ,  ST ETIENNE",4.392477,45.421887
"Crédit Mutuel","Coopérative","3 B RUE LOUIS PASTEUR ,  42320 ,  LA GRAND CROIX",4.56525,45.498665
"Crédit Mutuel","Coopérative","16 RUE GAMBETTA ,  42000 ,  ST ETIENNE",4.38863,45.433722
"Crédit Mutuel","Coopérative","27 RUE DE LA RESISTANCE ,  42000 ,  ST ETIENNE",4.386404,45.437615
"Crédit Mutuel","Coopérative","12 PLACE DE L HOTEL DE VILLE ,  42000 ,  ST ETIENNE",4.387279,45.438476
"Crédit Mutuel","Coopérative","3 RUE BERGSON ,  42000 ,  ST ETIENNE",4.384779,45.447238
"Crédit Mutuel","Coopérative","7 RUE D ANNONAY ,  43190 ,  TENCE",4.291287,45.114503
"Crédit Mutuel","Coopérative","46 RUE DE LA TELEMATIQUE ,  42952 ,  ST ETIENNE",4.395998,45.45747
"Crédit Mutuel","Coopérative","43 BOULEVARD GAMBETTA ,  07200 ,  AUBENAS",4.390649,44.619509
"Crédit Mutuel","Coopérative","6 CHEMIN DE PONSON ,  07200 ,  AUBENAS",4.401652,44.615795
"Crédit Mutuel","Coopérative","5 COURS DU PALAIS ,  07000 ,  PRIVAS",4.599531,44.734546
"Crédit Mutuel","Coopérative","40 RUE DE LA REPUBLIQUE ,  07400 ,  LE TEIL",4.68509,44.55273
"Crédit Mutuel","Coopérative","15 BOULEVARD MARRE DESMARAIS ,  26200 ,  MONTELIMAR",4.748229,44.559418
"Crédit Mutuel","Coopérative","198 ROUTE DE MARSEILLE ,  26200 ,  MONTELIMAR",4.745954,44.534961
"Crédit Mutuel","Coopérative","9 PLACE FREDERIC MISTRAL ,  07700 ,  BOURG ST ANDEOL",4.64445,44.371592
"Crédit Mutuel","Coopérative","5 AVENUE JEAN PERRIN ,  26700 ,  PIERRELATTE",4.699074,44.376904
"Crédit Mutuel","Coopérative","ZONE ARTISANALE DES CROZES ,  26270 ,  LORIOL SUR DROME",4.834768,44.758818
"Crédit Mutuel","Coopérative","6 PLACE DU BARRY ,  07700 ,  ST JUST D ARDECHE",4.612659,44.303259
"Crédit Mutuel","Coopérative","17 PLACE DE LA LIBERATION ,  26130 ,  ST PAUL TROIS CHATEAUX",4.76545,44.347825
"Crédit Mutuel","Coopérative","170 AVENUE JEAN MOULIN ,  84500 ,  BOLLENE",4.748216,44.299996
"Crédit Mutuel","Coopérative","55 B RUE JEAN JAURES ,  26800 ,  PORTES LES VALENCE",4.87718,44.875972
"Crédit Mutuel","Coopérative","471 AVENUE VICTOR HUGO ,  26000 ,  VALENCE",4.883509,44.907243
"Crédit Mutuel","Coopérative","9 PLACE DE L HOTEL DE VILLE ,  07130 ,  ST PERAY",4.840832,44.943801
"Crédit Mutuel","Coopérative","8 RUE ARISTIDE DUMONT ,  26400 ,  CREST",5.024469,44.727358
"Crédit Mutuel","Coopérative","652 AVENUE DE LA REPUBLIQUE ,  07500 ,  GUILHERAND GRANGES",4.874801,44.935602
"Crédit Mutuel","Coopérative","28 AVENUE VICTOR HUGO ,  26000 ,  VALENCE",4.89056,44.929158
"Crédit Mutuel","Coopérative","189 RUE FAVENTINES ,  26000 ,  VALENCE",4.904307,44.924396
"Crédit Mutuel","Coopérative","1 AVENUE GENERAL DE GAULLE ,  30200 ,  BAGNOLS SUR CEZE",4.622251,44.164399
"Crédit Mutuel","Coopérative","139 RUE DU COLONEL ARNAUD BELTRAME ,  84100 ,  ORANGE",4.829038,44.122467
"Crédit Mutuel","Coopérative","903 ROUTE DE NIMES ,  30700 ,  UZES",4.415185,44.00041
"Crédit Mutuel","Coopérative","98 AVENUE DU GENERAL LECLERC ,  30400 ,  VILLENEUVE LES AVIGNON",4.782945,43.957169
"Crédit Mutuel","Coopérative","67 RUE JEAN JAURES ,  42800 ,  RIVE DE GIER",4.621276,45.5312
"Crédit Mutuel","Coopérative","2 COURS ROMESTANG ,  38200 ,  VIENNE",4.874095,45.523883
"Crédit Mutuel","Coopérative","26 AVENUE MARC URTIN ,  26500 ,  BOURG LES VALENCE",4.894195,44.944376
"Crédit Mutuel","Coopérative","21 RUE HENRI BARBUSSE ,  26000 ,  VALENCE",4.912489,44.918666
"Crédit Mutuel","Coopérative","22 AVENUE DE VALENCE ,  26120 ,  CHABEUIL",5.015304,44.901244
"Crédit Mutuel","Coopérative","PLACE DE DELAY D AGIER ,  26300 ,  BOURG DE PEAGE",5.048637,45.039186
"Crédit Mutuel","Coopérative","PLACE JULES NADI ,  26100 ,  ROMANS SUR ISERE",5.052245,45.044197
"Crédit Mutuel","Coopérative","86 AVENUE JEAN MOULIN ,  26100 ,  ROMANS SUR ISERE",5.050019,45.058109
"Crédit Mutuel","Coopérative","75 AVENUE DU MAQUIS ,  26100 ,  ROMANS SUR ISERE",5.07271,45.048029
"Crédit Mutuel","Coopérative","2 PLACE CARNOT ,  84000 ,  AVIGNON",4.808468,43.948727
"Crédit Mutuel","Coopérative","20 BOULEVARD SAINT ROCH ,  84000 ,  AVIGNON",4.802292,43.942785
"Crédit Mutuel","Coopérative","58 RUE JEAN ET RENE REINAUDO ,  84130 ,  LE PONTET",4.858334,43.951736
"Crédit Mutuel","Coopérative","25 AVENUE DU MARECHAL LECLERC ,  08200 ,  SEDAN",4.944724,49.700882
"Crédit Mutuel","Coopérative","55 PLACE DE LA REPUBLIQUE ,  55700 ,  STENAY",5.189549,49.49229
"Crédit Mutuel","Coopérative","12 RUE BOURNIZET ,  08400 ,  VOUZIERS",4.699716,49.39765
"Crédit Mutuel","Coopérative","48 RUE DE DEAUVILLE ,  54263 ,  LONGUYON",5.601145,49.446189
"Crédit Mutuel","Coopérative","48 RUE GAMBETTA ,  08600 ,  GIVET",4.824042,50.136667
"Crédit Mutuel","Coopérative","3 RUE MERCY ,  54400 ,  LONGWY",5.764294,49.52281
"Crédit Mutuel","Coopérative","40 RUE JEANNE D ARC ,  54350 ,  MONT ST MARTIN",5.778546,49.539431
"Crédit Mutuel","Coopérative","PLACE DU GENERAL LECLERC ,  54403 ,  LONGWY",5.767585,49.515394
"Crédit Mutuel","Coopérative","114 RUE DE PARIS ,  54440 ,  HERSERANGE",5.784258,49.518563
"Crédit Mutuel","Coopérative","85 AVENUE BOGDAN POLITANSKI ,  54810 ,  LONGLAVILLE",5.80257,49.535625
"Crédit Mutuel","Coopérative","29 RUE CHAUSSEE ,  55102 ,  VERDUN",5.385114,49.161912
"Crédit Mutuel","Coopérative","RUE DE LA CROISETTE ,  54970 ,  LANDRES",5.789908,49.314497
"Crédit Mutuel","Coopérative","56 B AVENUE JACQUES SIMON ,  51470 ,  ST MEMMIE",4.380849,48.953447
"Crédit Mutuel","Coopérative","11 PLACE DU 59E REGIMENT D INFANTERIE ,  09001 ,  FOIX",1.608276,42.962613
"Crédit Mutuel","Coopérative","3 RUE DE LA REPUBLIQUE ,  09104 ,  PAMIERS",1.611305,43.115925
"Crédit Mutuel","Coopérative","2 AVENUE ARISTIDE BERGES ,  09200 ,  ST GIRONS",1.140467,42.986266
"Crédit Mutuel","Coopérative","16 B ROUTE DE TOULOUSE ,  31190 ,  AUTERIVE",1.47046,43.352785
"Crédit Mutuel","Coopérative","7 AVENUE DE TOULOUSE ,  31390 ,  CARBONNE",1.225204,43.29735
"Crédit Mutuel","Coopérative","12 RUE MARECHAL FOCH ,  11400 ,  CASTELNAUDARY",1.953609,43.317757
"Crédit Mutuel","Coopérative","80 RUE DE LA REPUBLIQUE ,  31290 ,  VILLEFRANCHE DE LAURAGAIS",1.71705,43.398795
"Crédit Mutuel","Coopérative","22 RUE JEAN JAURES ,  11300 ,  LIMOUX",2.216765,43.054813
"Crédit Mutuel","Coopérative","7 PLACE VINCENT AURIOL ,  31860 ,  LABARTHE SUR LEZE",1.400775,43.452568
"Crédit Mutuel","Coopérative","1 QUAI PIERRE CORNUS ,  31600 ,  MURET",1.326654,43.458565
"Crédit Mutuel","Coopérative","48 AVENUE JACQUES DOUZANS ,  31600 ,  MURET",1.327738,43.466848
"Crédit Mutuel","Coopérative","37 RUE JEAN INGRES ,  31320 ,  CASTANET TOLOSAN",1.496332,43.520616
"Crédit Mutuel","Coopérative","585 RUE GASPARD MONGE ,  11000 ,  CARCASSONNE",2.307906,43.204175
"Crédit Mutuel","Coopérative","1 RUE DE L AUTAN ,  31670 ,  LABEGE",1.535792,43.529943
"Crédit Mutuel","Coopérative","1 RUE MARIUS AUDOUY ,  31250 ,  REVEL",2.003631,43.458435
"Crédit Mutuel","Coopérative","11 PLACE DE LA REPUBLIQUE ,  31120 ,  PORTET SUR GARONNE",1.407731,43.522698
"Crédit Mutuel","Coopérative","60 AVENUE DE GAMEVILLE ,  31650 ,  ST ORENS DE GAMEVILLE",1.534914,43.550479
"Crédit Mutuel","Coopérative","55 RUE DE LA REPUBLIQUE ,  31270 ,  FROUZINS",1.325113,43.516218
"Crédit Mutuel","Coopérative","65 AVENUE TOLOSANE ,  31520 ,  RAMONVILLE ST AGNE",1.473672,43.546668
"Crédit Mutuel","Coopérative","41 RUE DE VERDUN ,  11002 ,  CARCASSONNE",2.352568,43.212615
"Crédit Mutuel","Coopérative","29 RUE EDOUARD BARBEY ,  81200 ,  MAZAMET",2.374841,43.491477
"Crédit Mutuel","Coopérative","4 RUE DU PRE VICINAL ,  31270 ,  CUGNAUX",1.343305,43.537466
"Crédit Mutuel","Coopérative","284 AVENUE ANTOINE DE SAINT EXUPERY ,  31400 ,  TOULOUSE",1.484066,43.578672
"Crédit Mutuel","Coopérative","20 BOULEVARD CHARLES DE GAULLE ,  31800 ,  ST GAUDENS",0.724633,43.109293
"Crédit Mutuel","Coopérative","2178 ROUTE DE TARBES ,  31470 ,  FONSORBES",1.230001,43.535984
"Crédit Mutuel","Coopérative","68 RUE GEORGES CLEMENCEAU ,  65300 ,  LANNEMEZAN",0.383087,43.125436
"Crédit Mutuel","Coopérative","43 AVENUE DES PYRENEES ,  31830 ,  PLAISANCE DU TOUCH",1.294304,43.564621
"Crédit Mutuel","Coopérative","55 RUE GASTON DOUMERGUE ,  31170 ,  TOURNEFEUILLE",1.344867,43.583932
"Crédit Mutuel","Coopérative","2 RUE DE CHALONS ,  10700 ,  ARCIS SUR AUBE",4.142009,48.536957
"Crédit Mutuel","Coopérative","16 B AVENUE ROGER SALENGRO ,  10600 ,  LA CHAPELLE ST LUC",4.049885,48.312184
"Crédit Mutuel","Coopérative","5 B RUE DE LA REPUBLIQUE ,  10000 ,  TROYES",4.074399,48.297909
"Crédit Mutuel","Coopérative","2 PLACE DU VOULDY ,  10006 ,  TROYES",4.080606,48.295161
"Crédit Mutuel","Coopérative","33 AVENUE DU GENERAL GALLIENI ,  10300 ,  STE SAVINE",4.059015,48.294178
"Crédit Mutuel","Coopérative","46 AVENUE PIERRE BROSSOLETTE ,  10000 ,  TROYES",4.076034,48.290126
"Crédit Mutuel","Coopérative","96 ROUTE D AUXERRE ,  10120 ,  ST ANDRE LES VERGERS",4.059072,48.274604
"Crédit Mutuel","Coopérative","21 RUE DE LA BOULE D OR ,  10100 ,  ROMILLY SUR SEINE",3.726418,48.518389
"Crédit Mutuel","Coopérative","70 RUE DE L ECOLE MILITAIRE ,  10500 ,  BRIENNE LE CHATEAU",4.527404,48.391752
"Crédit Mutuel","Coopérative","20 PLACE DE LA HALLE ,  51300 ,  VITRY LE FRANCOIS",4.584701,48.727007
"Crédit Mutuel","Coopérative","11 RUE LOCHET ,  51000 ,  CHALONS EN CHAMPAGNE",4.361148,48.95552
"Crédit Mutuel","Coopérative","51 AVENUE DU PR PAUL PORTIER ,  10110 ,  BAR SUR SEINE",4.376508,48.114353
"Crédit Mutuel","Coopérative","149 RUE NATIONALE ,  10200 ,  BAR SUR AUBE",4.705009,48.234433
"Crédit Mutuel","Coopérative","10 RUE DU DOCTEUR MOUGEOT ,  52100 ,  ST DIZIER",4.948163,48.636712
"Crédit Mutuel","Coopérative","3 PLACE SAINT AYOUL ,  77160 ,  PROVINS",3.301697,48.560656
"Crédit Mutuel","Coopérative","17 GRANDE RUE ,  89600 ,  ST FLORENTIN",3.728897,48.000771
"Crédit Mutuel","Coopérative","68 RUE VICTOIRE DE LA MARNE ,  52004 ,  CHAUMONT",5.141171,48.113727
"Crédit Mutuel","Coopérative","5 PLACE MARMONT ,  21400 ,  CHATILLON SUR SEINE",4.575275,47.861898
"Crédit Mutuel","Coopérative","70 RUE DIDEROT ,  52200 ,  LANGRES",5.333197,47.859507
"Crédit Mutuel","Coopérative","1 B PLACE DE LA REPUBLIQUE ,  89700 ,  TONNERRE",3.972747,47.85807
"Crédit Mutuel","Coopérative","3 BOULEVARD DE LA ROCHELLE ,  55000 ,  BAR LE DUC",5.160225,48.773826
"Crédit Mutuel","Coopérative","PLACE LEON GAMBETTA ,  21500 ,  MONTBARD",4.335554,47.621341
"Crédit Mutuel","Coopérative","26 RUE DE FRANCE ,  88301 ,  NEUFCHATEAU",5.692614,48.355621
"Crédit Mutuel","Coopérative","15 RUE MAL DE LATTRE DE TASSIGNY ,  89800 ,  CHABLIS",3.800537,47.815008
"Crédit Mutuel","Coopérative","3 AVENUE JEAN JAURES ,  21150 ,  VENAREY LES LAUMES",4.458383,47.54307
"Crédit Mutuel","Coopérative","67 AVENUE JEAN JAURES ,  89400 ,  MIGENNES",3.513675,47.963798
"Crédit Mutuel","Coopérative","99 RUE DE LA REPUBLIQUE ,  89100 ,  SENS",3.282479,48.199285
"Crédit Mutuel","Coopérative","9 RUE LORRAINE ,  89100 ,  ST DENIS LES SENS",3.27581,48.213937
"Crédit Mutuel","Coopérative","2 AVENUE GAMBETTA ,  89300 ,  JOIGNY",3.395177,47.98031
"Crédit Mutuel","Coopérative","11 PLACE DUPONT PERROT ,  77370 ,  NANGIS",3.012166,48.556828
"Crédit Mutuel","Coopérative","19 RUE JEAN JAURES ,  77130 ,  MONTEREAU FAULT YONNE",2.957299,48.386017
"Crédit Mutuel","Coopérative","34 RUE CARNOT ,  89500 ,  VILLENEUVE SUR YONNE",3.294374,48.081678
"Crédit Mutuel","Coopérative","50 RUE GRANDE ,  77250 ,  MORET LOING ET ORVANNE",2.78878,48.334071
"Crédit Mutuel","Coopérative","2 BOULEVARD RAYMOND VITTOZ ,  81100 ,  CASTRES",2.2445,43.604253
"Crédit Mutuel","Coopérative","18 PLACE PIERRE FABRE ,  81100 ,  CASTRES",2.239322,43.608901
"Crédit Mutuel","Coopérative","15 ALLEES JEAN JAURES ,  81500 ,  LAVAUR",1.815644,43.699739
"Crédit Mutuel","Coopérative","34 AVENUE CHARLES DE GAULLE ,  81300 ,  GRAULHET",1.983806,43.760907
"Crédit Mutuel","Coopérative","6 ROUTE DE CASTRES ,  31130 ,  QUINT FONSEGRIVES",1.525944,43.585639
"Crédit Mutuel","Coopérative","48 RUE JEAN JAURES ,  11100 ,  NARBONNE",3.00177,43.18456
"Crédit Mutuel","Coopérative","96 AVENUE DE GRUISSAN ,  11100 ,  NARBONNE",3.024255,43.176686
"Crédit Mutuel","Coopérative","24 ALLEES PAUL RIQUET ,  34500 ,  BEZIERS",3.216094,43.343352
"Crédit Mutuel","Coopérative","7 COURS LAZARE ESCARGUEL ,  66000 ,  PERPIGNAN",2.88684,42.69973
"Crédit Mutuel","Coopérative","230 AVENUE VICTOR DALBIEZ ,  66000 ,  PERPIGNAN",2.881998,42.685595
"Crédit Mutuel","Coopérative","16 AVENUE DE LA VOIE DOMITIENNE ,  34500 ,  BEZIERS",3.248164,43.347777
"Crédit Mutuel","Coopérative","41 BOULEVARD JOHN FITZGERALD KENNEDY ,  66100 ,  PERPIGNAN",2.906551,42.68705
"Crédit Mutuel","Coopérative","1 CHEMIN DE SAINT GAUDERIQUE ,  66330 ,  CABESTANY",2.935329,42.680293
"Crédit Mutuel","Coopérative","1 RUE GRAND CAP ,  34300 ,  AGDE",3.477854,43.299078
"Crédit Mutuel","Coopérative","2 AVENUE FRANCOIS HUE ,  34120 ,  PEZENAS",3.424423,43.461722
"Crédit Mutuel","Coopérative","15 QUAI MAL DE LATTRE DE TASSIGNY ,  34200 ,  SETE",3.696528,43.404877
"Crédit Mutuel","Coopérative","27 AVENUE GENERAL DE GAULLE ,  34110 ,  FRONTIGNAN",3.754975,43.447776
"Crédit Mutuel","Coopérative","5 ROUTE DE MONTPELLIER ,  34430 ,  ST JEAN DE VEDAS",3.828529,43.575559
"Crédit Mutuel","Coopérative","81 RUE MARIUS CARRIEU ,  34080 ,  MONTPELLIER",3.842635,43.617106
"Crédit Mutuel","Coopérative","21 BOULEVARD CHARLES DE GAULLE ,  12400 ,  ST AFFRIQUE",2.886162,43.958698
"Crédit Mutuel","Coopérative","59 AVENUE DE TOULOUSE ,  34070 ,  MONTPELLIER",3.864119,43.597206
"Crédit Mutuel","Coopérative","172 PLACE ARAGON ,  34970 ,  LATTES",3.9038,43.569816
"Crédit Mutuel","Coopérative","18 BOULEVARD VICTOR HUGO ,  34000 ,  MONTPELLIER",3.878666,43.607259
"Crédit Mutuel","Coopérative","24 BOULEVARD JOSEPH POULENC ,  12500 ,  ESPALION",2.761807,44.521406
"Crédit Mutuel","Coopérative","10 B AVENUE DE LA GINESTE ,  12000 ,  RODEZ",2.573115,44.362814
"Crédit Mutuel","Coopérative","2 RUE EUGENE VIALA ,  12000 ,  RODEZ",2.575089,44.349099
"Crédit Mutuel","Coopérative","9 AVENUE GAMBETTA ,  15000 ,  AURILLAC",2.445262,44.927777
"Crédit Mutuel","Coopérative","10 AVENUE JEAN JAURES ,  12100 ,  MILLAU",3.079035,44.100492
"Crédit Mutuel","Coopérative","7 BOULEVARD HENRI BOURRILLON ,  48000 ,  MENDE",3.498071,44.516076
"Crédit Mutuel","Coopérative","8 QUAI ALBERT BESSIERES ,  46100 ,  FIGEAC",2.033262,44.607116
"Crédit Mutuel","Coopérative","9 PLACE DE LA REPUBLIQUE ,  12200 ,  VILLEFRANCHE DE ROUERGUE",2.037461,44.348664
"Crédit Mutuel","Coopérative","10 COURS SPY DES TERNES ,  15100 ,  ST FLOUR",3.089298,45.032855
"Crédit Mutuel","Coopérative","19 BOULEVARD DE STRASBOURG ,  81000 ,  ALBI",2.146133,43.934562
"Crédit Mutuel","Coopérative","7 PLACE LAPEROUSE ,  81000 ,  ALBI",2.144983,43.926095
"Crédit Mutuel","Coopérative","51 AVENUE FRANCOIS VERDIER ,  81000 ,  ALBI",2.133761,43.919513
"Crédit Mutuel","Coopérative","15 AVENUE CHARLES PERIE ,  15200 ,  MAURIAC",2.335659,45.219358
"Crédit Mutuel","Coopérative","8 PLACE DE LA LIBERATION ,  81600 ,  GAILLAC",1.897604,43.900434
"Crédit Mutuel","Coopérative","CITE LAFAYETTE ,  43100 ,  BRIOUDE",3.385592,45.293536
"Crédit Mutuel","Coopérative","16 AVENUE CHARLES MASSOT ,  43750 ,  VALS PRES LE PUY",3.880593,45.028691
"Crédit Mutuel","Coopérative","19 BOULEVARD GAMBETTA ,  46000 ,  CAHORS",1.440225,44.450453
"Crédit Mutuel","Coopérative","15 RUE DE LA REPUBLIQUE ,  30100 ,  ALES",4.078423,44.122908
"Crédit Mutuel","Coopérative","4 PLACE EMILE MARTIN ,  34090 ,  MONTPELLIER",3.864122,43.628348
"Crédit Mutuel","Coopérative","3 AVENUE ARISTIDE BRIAND ,  34170 ,  CASTELNAU LE LEZ",3.895895,43.632852
"Crédit Mutuel","Coopérative","140 ROUTE DE LA POMPIGNANE ,  34170 ,  CASTELNAU LE LEZ",3.898888,43.62702
"Crédit Mutuel","Coopérative","33 BOULEVARD LEONCE GRANIE ,  82300 ,  CAUSSADE",1.535858,44.161205
"Crédit Mutuel","Coopérative","845 AVENUE JEAN MOULIN ,  82000 ,  MONTAUBAN",1.370444,44.029604
"Crédit Mutuel","Coopérative","110 RUE FRANCOIS MAURIAC ,  82000 ,  MONTAUBAN",1.377816,44.00857
"Crédit Mutuel","Coopérative","1 GRAND RUE VILLENOUVELLE ,  82000 ,  MONTAUBAN",1.355621,44.022229
"Crédit Mutuel","Coopérative","8 ALLEE DE L EMPEREUR ,  82000 ,  MONTAUBAN",1.356824,44.016821
"Crédit Mutuel","Coopérative","2 PLACE JEAN JAURES ,  81370 ,  ST SULPICE LA POINTE",1.685815,43.773476
"Crédit Mutuel","Coopérative","ROUTE NATIONALE 113 ,  13170 ,  LES PENNES MIRABEAU",5.374398,43.414256
"Crédit Mutuel","Coopérative","43 AVENUE DENIS PADOVANI ,  13127 ,  VITROLLES",5.258482,43.435885
"Crédit Mutuel","Coopérative","803 BOULEVARD ABBADIE ,  13730 ,  ST VICTORET",5.242141,43.416828
"Crédit Mutuel","Coopérative","85 AVENUE DE SAINT LOUIS ,  13015 ,  MARSEILLE",5.359177,43.345721
"Crédit Mutuel","Coopérative","11 COURS MIRABEAU ,  13700 ,  MARIGNANE",5.216182,43.417063
"Crédit Mutuel","Coopérative","85 ROUTE DES CAMOINS ,  13011 ,  MARSEILLE",5.497144,43.297676
"Crédit Mutuel","Coopérative","8 ROUTE DE LA SABLIERE ,  13011 ,  MARSEILLE",5.479574,43.291348
"Crédit Mutuel","Coopérative","97 AVENUE WILLIAM BOOTH ,  13012 ,  MARSEILLE",5.446465,43.29614
"Crédit Mutuel","Coopérative","26 RUE MONTAIGNE ,  13012 ,  MARSEILLE",5.414074,43.304252
"Crédit Mutuel","Coopérative","160 BOULEVARD VOLTAIRE ,  13821 ,  LA PENNE SUR HUVEAUNE",5.51722,43.281257
"Crédit Mutuel","Coopérative","221 AVENUE DES CHARTREUX ,  13004 ,  MARSEILLE",5.399862,43.3076
"Crédit Mutuel","Coopérative","159 BOULEVARD DE PONT DE VIVAUX ,  13010 ,  MARSEILLE",5.421653,43.280899
"Crédit Mutuel","Coopérative","1 A BOULEVARD SAKAKINI ,  13004 ,  MARSEILLE",5.400824,43.297752
"Crédit Mutuel","Coopérative","4 B COURS MARECHAL FOCH ,  13400 ,  AUBAGNE",5.568028,43.293241
"Crédit Mutuel","Coopérative","47 ALLEE LEON GAMBETTA ,  13001 ,  MARSEILLE",5.383668,43.299218
"Crédit Mutuel","Coopérative","65 LA CANEBIERE ,  13001 ,  MARSEILLE",5.379453,43.297172
"Crédit Mutuel","Coopérative","105 AVENUE CAMILLE PELLETAN ,  13003 ,  MARSEILLE",5.373441,43.306749
"Crédit Mutuel","Coopérative","4 BOULEVARD BAILLE ,  13006 ,  MARSEILLE",5.385097,43.28613
"Crédit Mutuel","Coopérative","19 BOULEVARD DE SAINTE MARGUERITE ,  13009 ,  MARSEILLE",5.408938,43.265127
"Crédit Mutuel","Coopérative","33 RUE DE LA REPUBLIQUE ,  13002 ,  MARSEILLE",5.37182,43.298888
"Crédit Mutuel","Coopérative","141 AVENUE DU PRADO ,  13008 ,  MARSEILLE",5.386096,43.269435
"Crédit Mutuel","Coopérative","66 RUE DE LA REPUBLIQUE ,  13200 ,  ARLES",4.627205,43.676143
"Crédit Mutuel","Coopérative","7 COURS ARISTIDE BRIAND ,  13150 ,  TARASCON",4.65687,43.803614
"Crédit Mutuel","Coopérative","3 AVENUE DE LA REPUBLIQUE ,  13310 ,  ST MARTIN DE CRAU",4.810133,43.638132
"Crédit Mutuel","Coopérative","26 BOULEVARD MARCEAU ,  13210 ,  ST REMY DE PROVENCE",4.830266,43.78757
"Crédit Mutuel","Coopérative","102 ALLEE DE SEVILLE ,  30900 ,  NIMES",4.363407,43.82172
"Crédit Mutuel","Coopérative","84 B AVENUE JEAN JAURES ,  30900 ,  NIMES",4.352505,43.828423
"Crédit Mutuel","Coopérative","8 PLACE QUESTEL ,  30902 ,  NIMES",4.355256,43.837144
"Crédit Mutuel","Coopérative","3 AVENUE LEO LAGRANGE ,  13160 ,  CHATEAURENARD",4.855585,43.884285
"Crédit Mutuel","Coopérative","6 RUE CURIE ,  13140 ,  MIRAMAS",5.001106,43.583401
"Crédit Mutuel","Coopérative","28 AVENUE HELENE BOUCHER ,  13800 ,  ISTRES",4.98806,43.511735
"Crédit Mutuel","Coopérative","8 AVENUE JEAN JAURES ,  13270 ,  FOS SUR MER",4.944786,43.435677
"Crédit Mutuel","Coopérative","26 PLACE DENFERT ROCHEREAU ,  34400 ,  LUNEL",4.138121,43.67583
"Crédit Mutuel","Coopérative","2 AVENUE CHARCOT ,  13470 ,  CARNOUX EN PROVENCE",5.566441,43.256935
"Crédit Mutuel","Coopérative","14 RUE DE L ARENE ,  13260 ,  CASSIS",5.540161,43.213649
"Crédit Mutuel","Coopérative","46 BOULEVARD DU CABOT ,  13009 ,  MARSEILLE",5.416976,43.258383
"Crédit Mutuel","Coopérative","RUE BOURONNE ,  13600 ,  LA CIOTAT",5.605065,43.174093
"Crédit Mutuel","Coopérative","105 RUE EMILE ZOLA ,  13009 ,  MARSEILLE",5.403673,43.246172
"Crédit Mutuel","Coopérative","217 AVENUE DE MAZARGUES ,  13008 ,  MARSEILLE",5.392086,43.264397
"Crédit Mutuel","Coopérative","14 AVENUE DE LA LIBERATION ,  13130 ,  BERRE L ETANG",5.167963,43.477111
"Crédit Mutuel","Coopérative","58 CHEMIN DE PATAFLOUX ,  13220 ,  CHATEAUNEUF LES MARTIGUES",5.162411,43.39099
"Crédit Mutuel","Coopérative","7 ESPLANADE DES BELGES ,  13500 ,  MARTIGUES",5.056778,43.402334
"Crédit Mutuel","Coopérative","15 RUE CHARLES NEDELEC ,  13110 ,  PORT DE BOUC",4.985289,43.406324
"Crédit Mutuel","Coopérative","246 CONTRE ALLEE DU RIGAUDON ,  83270 ,  ST CYR SUR MER",5.693397,43.183309
"Crédit Mutuel","Coopérative","494 AVENUE DU PRADO ,  13008 ,  MARSEILLE",5.380904,43.266106
"Crédit Mutuel","Coopérative","21 QUAI DU GEN CHARLES DE GAULLE ,  83110 ,  SANARY SUR MER",5.801847,43.117769
"Crédit Mutuel","Coopérative","1256 AVENUE JEAN MONNET ,  83190 ,  OLLIOULES",5.860854,43.12755
"Crédit Mutuel","Coopérative","24 PLACE DES POILUS ,  83140 ,  SIX FOURS LES PLAGES",5.840726,43.09262
"Crédit Mutuel","Coopérative","17 QUAI DE LA JOLIETTE ,  13002 ,  MARSEILLE",5.364616,43.301787
"Crédit Mutuel","Coopérative","8 AVENUE DE LA CORSE ,  13007 ,  MARSEILLE",5.358591,43.288725
"Crédit Mutuel","Coopérative","490 AVENUE DU PRADO ,  13008 ,  MARSEILLE",5.381205,43.266298
"Crédit Mutuel","Coopérative","1 RUE DE TROARN ,  14370 ,  ARGENCES",-0.164217,49.127288
"Crédit Mutuel","Coopérative","3 RUE LEOPOLD SENGHOR ,  14460 ,  COLOMBELLES",-0.30517,49.188402
"Crédit Mutuel","Coopérative","47 AVENUE JEAN VILAR ,  14123 ,  IFS",-0.350608,49.150121
"Crédit Mutuel","Coopérative","107 RUE DE FALAISE ,  14000 ,  CAEN",-0.35228,49.169733
"Crédit Mutuel","Coopérative","11 RUE DE LA GARE ,  14000 ,  CAEN",-0.352314,49.177555
"Crédit Mutuel","Coopérative","19 AVENUE DE LA GRANDE CAVEE ,  14200 ,  HEROUVILLE ST CLAIR",-0.330884,49.202931
"Crédit Mutuel","Coopérative","19 QUAI DE JUILLET ,  14000 ,  CAEN",-0.353714,49.178205
"Crédit Mutuel","Coopérative","40 AVENUE DU 6 JUIN ,  14000 ,  CAEN",-0.353739,49.178295
"Crédit Mutuel","Coopérative","17 RUE DU 11 NOVEMBRE ,  14052 ,  CAEN",-0.357691,49.177831
"Crédit Mutuel","Coopérative","6 QUAI VENDEUVRE ,  14000 ,  CAEN",-0.357725,49.184001
"Crédit Mutuel","Coopérative","12 RUE QUADRANT ,  14123 ,  FLEURY SUR ORNE",-0.376425,49.139987
"Crédit Mutuel","Coopérative","116 BOULEVARD MARECHAL LECLERC ,  14000 ,  CAEN",-0.361805,49.181594
"Crédit Mutuel","Coopérative","41 RUE DE FALAISE ,  14170 ,  ST PIERRE EN AUGE",-0.033183,49.0187
"Crédit Mutuel","Coopérative","10 RUE ECUYERE ,  14000 ,  CAEN",-0.367162,49.182071
"Crédit Mutuel","Coopérative","15 AVENUE HENRY CHERON ,  14000 ,  CAEN",-0.391868,49.173634
"Crédit Mutuel","Coopérative","18 BOULEVARD GEORGES POMPIDOU ,  14000 ,  CAEN",-0.396672,49.180938
"Crédit Mutuel","Coopérative","20 RUE PAUL CANTA ,  14160 ,  DIVES SUR MER",-0.09676,49.286087
"Crédit Mutuel","Coopérative","35 AVENUE DE LA MER ,  14150 ,  OUISTREHAM",-0.259873,49.285158
"Crédit Mutuel","Coopérative","8 RUE SAINT PATRICE ,  14400 ,  BAYEUX",-0.708001,49.278963
"Crédit Mutuel","Coopérative","10 RUE DE BALLEROY ,  14330 ,  LE MOLAY LITTRY",-0.872626,49.241914
"Crédit Mutuel","Coopérative","30 RUE GEORGES CLEMENCEAU ,  14310 ,  VILLERS BOCAGE",-0.652593,49.080769
"Crédit Mutuel","Coopérative","14 RUE LOUIS LELIEVRE ,  14440 ,  DOUVRES LA DELIVRANDE",-0.37359,49.297344
"Crédit Mutuel","Coopérative","1 RUE DE CAEN ,  14260 ,  LES MONTS D AUNAY",-0.631853,49.021458
"Crédit Mutuel","Coopérative","27 PLACE DU GENERAL DE GAULLE ,  14230 ,  ISIGNY SUR MER",-1.101797,49.318012
"Crédit Mutuel","Coopérative","1 RUE DE CONDE ,  14220 ,  LE HOM",-0.476657,48.985446
"Crédit Mutuel","Coopérative","7 PLACE BELLE CROIX ,  14700 ,  FALAISE",-0.199721,48.896609
"Crédit Mutuel","Coopérative","27 RUE DU VIEUX CHATEAU ,  14110 ,  CONDE EN NORMANDIE",-0.550645,48.849979
"Crédit Mutuel","Coopérative","12 PLACE SAINT VIGOR ,  61430 ,  ATHIS VAL DE ROUVRE",-0.498959,48.81091
"Crédit Mutuel","Coopérative","15 PLACE CHARLESTON ,  61100 ,  FLERS",-0.567938,48.747728
"Crédit Mutuel","Coopérative","14 BOULEVARD DU GENERAL DE GAULLE ,  61440 ,  MESSEI",-0.538231,48.711505
"Crédit Mutuel","Coopérative","73 GRANDE RUE ,  61800 ,  TINCHEBRAY",-0.729903,48.764182
"Crédit Mutuel","Coopérative","4 RUE DU DOCTEUR PETIT ,  61220 ,  BRIOUZE",-0.368469,48.698785
"Crédit Mutuel","Coopérative","8 RUE DE LA ROCHE ,  61210 ,  PUTANGES LE LAC",-0.243719,48.764197
"Crédit Mutuel","Coopérative","25 RUE GENERAL LECLERC ,  14500 ,  VIRE NORMANDIE",-0.89035,48.839452
"Crédit Mutuel","Coopérative","5 RUE SAINT MICHEL ,  61700 ,  LONLAY L ABBAYE",-0.711372,48.645496
"Crédit Mutuel","Coopérative","7 RUE DU MARECHAL FOCH ,  61700 ,  DOMFRONT EN POIRAIE",-0.645156,48.591931
"Crédit Mutuel","Coopérative","20 RUE GENERAL MILLET ,  50150 ,  SOURDEVAL",-0.919542,48.724626
"Crédit Mutuel","Coopérative","15 RUE DU CHATEAU ,  61600 ,  LA FERTE MACE",-0.35624,48.589968
"Crédit Mutuel","Coopérative","1 AVENUE ROBERT COUSIN ,  61140 ,  BAGNOLES DE L ORNE NORMANDIE",-0.41794,48.557281
"Crédit Mutuel","Coopérative","27 RUE DE DOMFRONT ,  61140 ,  LA CHAPELLE D ANDAINE",-0.481056,48.534044
"Crédit Mutuel","Coopérative","15 RUE DES BAINS ,  14360 ,  TROUVILLE SUR MER",0.082151,49.365655
"Crédit Mutuel","Coopérative","25 RUE SAINT MICHEL ,  14130 ,  PONT L EVEQUE",0.185282,49.286161
"Crédit Mutuel","Coopérative","21 RUE DU DAUPHIN ,  14600 ,  HONFLEUR",0.231929,49.41987
"Crédit Mutuel","Coopérative","11 QUAI DE LA MARNE ,  76600 ,  LE HAVRE",0.128863,49.484112
"Crédit Mutuel","Coopérative","70 RUE CONSTANT FOUCHE ,  27210 ,  BEUZEVILLE",0.341971,49.345404
"Crédit Mutuel","Coopérative","21 RUE JOSEPH MADEC ,  76610 ,  LE HAVRE",0.142737,49.505688
"Crédit Mutuel","Coopérative","178 RUE MARECHAL JOFFRE ,  76600 ,  LE HAVRE",0.13077,49.499965
"Crédit Mutuel","Coopérative","56 PLACE DE L HOTEL DE VILLE ,  76600 ,  LE HAVRE",0.109479,49.493089
"Crédit Mutuel","Coopérative","63 PLACE DES HALLES CENTRALES ,  76600 ,  LE HAVRE",0.10479,49.490929
"Crédit Mutuel","Coopérative","22 RUE IRENE JOLIOT CURIE ,  76620 ,  LE HAVRE",0.100285,49.506442
"Crédit Mutuel","Coopérative","34 PLACE FRANCOIS MITTERRAND ,  76290 ,  MONTIVILLIERS",0.191496,49.545341
"Crédit Mutuel","Coopérative","3 RUE DE VITANVAL ,  76310 ,  STE ADRESSE",0.084504,49.509345
"Crédit Mutuel","Coopérative","20 PLACE THEODULE BENOIST ,  76430 ,  ST ROMAIN DE COLBOSC",0.358393,49.529802
"Crédit Mutuel","Coopérative","5 PLACE DE VERDUN ,  27500 ,  PONT AUDEMER",0.516356,49.357611
"Crédit Mutuel","Coopérative","44 RUE DE LA REPUBLIQUE ,  76210 ,  BOLBEC",0.472696,49.57236
"Crédit Mutuel","Coopérative","4 PLACE DU GENERAL DE GAULLE ,  76170 ,  LILLEBONNE",0.533772,49.518997
"Crédit Mutuel","Coopérative","78 RUE HENRY CHERON ,  14100 ,  LISIEUX",0.223213,49.145132
"Crédit Mutuel","Coopérative","17 RUE SEBLINE ,  50500 ,  CARENTAN LES MARAIS",-1.245883,49.304704
"Crédit Mutuel","Coopérative","55 RUE DU GENERAL DE GAULLE ,  50480 ,  STE MERE EGLISE",-1.317905,49.408806
"Crédit Mutuel","Coopérative","5 RUE DU CREUSET ,  50009 ,  ST LO",-1.101456,49.11635
"Crédit Mutuel","Coopérative","103 RUE TORTERON ,  50000 ,  ST LO",-1.097941,49.114386
"Crédit Mutuel","Coopérative","11 RUE OCTAVE FEUILLET ,  50000 ,  ST LO",-1.090323,49.114293
"Crédit Mutuel","Coopérative","24 RUE DE LA MARNE ,  50360 ,  PICAUVILLE",-1.42284,49.378783
"Crédit Mutuel","Coopérative","2 PLACE DU DOCTEUR GUILLARD ,  50570 ,  MARIGNY LE LOZON",-1.24301,49.098389
"Crédit Mutuel","Coopérative","5 RUE DE LA HALLE ,  50190 ,  PERIERS",-1.406601,49.186308
"Crédit Mutuel","Coopérative","1 PLACE DU GENERAL DE GAULLE ,  50310 ,  MONTEBOURG",-1.379171,49.486832
"Crédit Mutuel","Coopérative","14 RUE ALFRED DUROS ,  50890 ,  CONDE SUR VIRE",-1.03781,49.051434
"Crédit Mutuel","Coopérative","13 PLACE AUGUSTE COUSIN ,  50390 ,  ST SAUVEUR LE VICOMTE",-1.529214,49.38644
"Crédit Mutuel","Coopérative","18 PLACE DU GENERAL DE GAULLE ,  50250 ,  LA HAYE",-1.543698,49.290269
"Crédit Mutuel","Coopérative","13 QUAI VAUBAN ,  50550 ,  ST VAAST LA HOUGUE",-1.265122,49.587032
"Crédit Mutuel","Coopérative","4 B RUE THIERS ,  50160 ,  TORIGNY LES VILLES",-0.97976,49.035377
"Crédit Mutuel","Coopérative","25 BOULEVARD DIVISION LECLERC ,  50700 ,  VALOGNES",-1.467942,49.508776
"Crédit Mutuel","Coopérative","17 RUE DE LA MER ,  50710 ,  CREANCES",-1.56688,49.201347
"Crédit Mutuel","Coopérative","8 PLACE JEAN CLAUDE LEMOINE ,  50420 ,  TESSY BOCAGE",-1.059864,48.973673
"Crédit Mutuel","Coopérative","6 RUE DU MOULIN ,  61120 ,  VIMOUTIERS",0.198147,48.927243
"Crédit Mutuel","Coopérative","43 RUE DU GENERAL DE GAULLE ,  27300 ,  BERNAY",0.594846,49.08924
"Crédit Mutuel","Coopérative","57 GRANDE RUE ,  61230 ,  GACE",0.296894,48.795962
"Crédit Mutuel","Coopérative","9 RAMPE DE LA COLLEGIALE ,  50140 ,  MORTAIN BOCAGE",-0.941333,48.64953
"Crédit Mutuel","Coopérative","2 RUE DU GENERAL DE GAULLE ,  50410 ,  PERCY EN NORMANDIE",-1.190792,48.916296
"Crédit Mutuel","Coopérative","19 PLACE DE L HOTEL DE VILLE ,  50370 ,  BRECEY",-1.168521,48.724357
"Crédit Mutuel","Coopérative","12 RUE DU GENERAL DE GAULLE ,  50800 ,  VILLEDIEU LES POELES",-1.221541,48.836951
"Crédit Mutuel","Coopérative","36 PLACE NATIONALE ,  50600 ,  ST HILAIRE DU HARCOUET",-1.093841,48.577389
"Crédit Mutuel","Coopérative","14 AVENUE WINSTON CHURCHILL ,  19000 ,  TULLE",1.757145,45.258568
"Crédit Mutuel","Coopérative","47 AVENUE TURGOT ,  19203 ,  USSEL",2.300717,45.542001
"Crédit Mutuel","Coopérative","2 AVENUE DU 15 AOUT 1944 ,  19360 ,  MALEMORT",1.562386,45.170129
"Crédit Mutuel","Coopérative","50 BOULEVARD GENERAL KOENIG ,  19103 ,  BRIVE LA GAILLARDE",1.531607,45.160169
"Crédit Mutuel","Coopérative","149 AVENUE JEAN CHARLES RIVET ,  19100 ,  BRIVE LA GAILLARDE",1.497826,45.150409
"Crédit Mutuel","Coopérative","14 BOULEVARD DE LA MANLIERE ,  63500 ,  ISSOIRE",3.247071,45.542942
"Crédit Mutuel","Coopérative","8 AVENUE MARECHAL LECLERC ,  63110 ,  BEAUMONT",3.08491,45.753223
"Crédit Mutuel","Coopérative","2 BOULEVARD LOUIS LOUCHEUR ,  63000 ,  CLERMONT FERRAND",3.098751,45.763105
"Crédit Mutuel","Coopérative","1 PLACE DU CLAUZEL ,  43009 ,  LE PUY EN VELAY",3.883495,45.04341
"Crédit Mutuel","Coopérative","127 AVENUE CHARLES DUPUY ,  43700 ,  BRIVES CHARENSAC",3.918874,45.050569
"Crédit Mutuel","Coopérative","23 AVENUE GEORGES CLEMENCEAU ,  63600 ,  AMBERT",3.73958,45.55175
"Crédit Mutuel","Coopérative","113 AVENUE JEAN MOULIN ,  63170 ,  AUBIERE",3.130893,45.752736
"Crédit Mutuel","Coopérative","1 PLACE DE LA VICTOIRE ,  43200 ,  YSSINGEAUX",4.124161,45.143692
"Crédit Mutuel","Coopérative","13 B PLACE DE LA REPUBLIQUE ,  17290 ,  AIGREFEUILLE D AUNIS",-0.934177,46.116895
"Crédit Mutuel","Coopérative","32 AVENUE DES FOURNEAUX ,  17690 ,  ANGOULINS",-1.101004,46.108867
"Crédit Mutuel","Coopérative","7 BOULEVARD DE LA LIBERATION ,  17340 ,  CHATELAILLON PLAGE",-1.090415,46.074564
"Crédit Mutuel","Coopérative","18 RUE ERNEST BERSOT ,  17700 ,  SURGERES",-0.751607,46.106617
"Crédit Mutuel","Coopérative","110 GRANDE RUE ,  17180 ,  PERIGNY",-1.11025,46.152709
"Crédit Mutuel","Coopérative","53 AVENUE DU COMMANDANT LYSIACK ,  17440 ,  AYTRE",-1.120936,46.135263
"Crédit Mutuel","Coopérative","5 PLACE CHARLES DE GAULLE ,  17138 ,  PUILBOREAU",-1.118055,46.185732
"Crédit Mutuel","Coopérative","27 BOULEVARD JOFFRE ,  17041 ,  LA ROCHELLE",-1.140949,46.160009
"Crédit Mutuel","Coopérative","10 AVENUE JEAN MONNET ,  17000 ,  LA ROCHELLE",-1.152406,46.14667
"Crédit Mutuel","Coopérative","2 RUE DU BUSSIN ,  17170 ,  COURCON",-0.806997,46.243636
"Crédit Mutuel","Coopérative","32 RUE DUPATY ,  17000 ,  LA ROCHELLE",-1.153118,46.160222
"Crédit Mutuel","Coopérative","1 RUE DU BOIS D HURE ,  17140 ,  LAGORD",-1.14575,46.190084
"Crédit Mutuel","Coopérative","1 RUE LOUIS PASTEUR ,  17430 ,  TONNAY CHARENTE",-0.896465,45.951849
"Crédit Mutuel","Coopérative","32 RUE DE LA HALLE ,  17450 ,  FOURAS",-1.094846,45.9873
"Crédit Mutuel","Coopérative","36 B RUE JEAN JAURES ,  17300 ,  ROCHEFORT",-0.959365,45.935739
"Crédit Mutuel","Coopérative","259 AVENUE CARNOT ,  17000 ,  LA ROCHELLE",-1.184508,46.164898
"Crédit Mutuel","Coopérative","79 AVENUE DU 11 NOVEMBRE 1918 ,  17300 ,  ROCHEFORT",-0.960487,45.925854
"Crédit Mutuel","Coopérative","101 ROUTE DE LA ROCHELLE ,  17230 ,  MARANS",-0.989901,46.303953
"Crédit Mutuel","Coopérative","3 RUE RENE CAILLE ,  79210 ,  MAUZE SUR LE MIGNON",-0.671078,46.195577
"Crédit Mutuel","Coopérative","5 RUE NATIONALE ,  85770 ,  L ILE D ELLE",-0.948684,46.330992
"Crédit Mutuel","Coopérative","12 RUE DES CAILLOTIERES ,  17630 ,  LA FLOTTE",-1.325969,46.180085
"Crédit Mutuel","Coopérative","32 RUE DE LA REPUBLIQUE ,  17310 ,  ST PIERRE D OLERON",-1.306947,45.943108
"Crédit Mutuel","Coopérative","1 BOULEVARD THIERS ,  17480 ,  LE CHATEAU D OLERON",-1.194695,45.886841
"Crédit Mutuel","Coopérative","12 ROUTE DE SAINT MARTIN ,  17670 ,  LA COUARDE SUR MER",-1.420438,46.195513
"Crédit Mutuel","Coopérative","2 RUE DE LA PART DES ANGES ,  17520 ,  ARCHIAC",-0.303638,45.527866
"Crédit Mutuel","Coopérative","23 AVENUE VICTOR HUGO ,  17500 ,  JONZAC",-0.438379,45.447513
"Crédit Mutuel","Coopérative","1 COURS ALSACE LORRAINE ,  17800 ,  PONS",-0.549397,45.579383
"Crédit Mutuel","Coopérative","103 T AVENUE DE LA REPUBLIQUE ,  17150 ,  MIRAMBEAU",-0.570029,45.37584
"Crédit Mutuel","Coopérative","BOULEVARD DE SAINTONGE ,  17130 ,  MONTENDRE",-0.404553,45.289179
"Crédit Mutuel","Coopérative","18 AVENUE CHARLES DE GAULLE ,  17610 ,  CHANIERS",-0.555436,45.717214
"Crédit Mutuel","Coopérative","3 ZONE ARTISANALE DE PIED SEC ,  17260 ,  GEMOZAC",-0.677054,45.574705
"Crédit Mutuel","Coopérative","5 AVENUE DE LA REPUBLIQUE ,  17270 ,  MONTGUYON",-0.187407,45.216371
"Crédit Mutuel","Coopérative","1 RUE EUGENE FROMENTIN ,  17100 ,  SAINTES",-0.628405,45.747147
"Crédit Mutuel","Coopérative","90 COURS PAUL DOUMER ,  17100 ,  SAINTES",-0.657508,45.745315
"Crédit Mutuel","Coopérative","1 RUE D ANGOULEME ,  17160 ,  MATHA",-0.31977,45.867548
"Crédit Mutuel","Coopérative","26 BOULEVARD DES DANDONNEAUX ,  17120 ,  COZES",-0.834895,45.584786
"Crédit Mutuel","Coopérative","1 PLACE DE LA VICTOIRE ,  17360 ,  ST AIGULIN",-0.011635,45.157931
"Crédit Mutuel","Coopérative","1 RUE FOND BOULET ,  17350 ,  ST SAVINIEN",-0.671428,45.871829
"Crédit Mutuel","Coopérative","14 RUE GAMBETTA ,  17400 ,  ST JEAN D ANGELY",-0.521645,45.944322
"Crédit Mutuel","Coopérative","18 B RUE EUGENE MOUSNIER ,  17600 ,  SAUJON",-0.923082,45.672748
"Crédit Mutuel","Coopérative","4 PLACE DE VERDUN ,  17110 ,  ST GEORGES DE DIDONNE",-0.997603,45.602681
"Crédit Mutuel","Coopérative","22 PLACE ARISTIDE BRIAND ,  17470 ,  AULNAY",-0.346395,46.020605
"Crédit Mutuel","Coopérative","68 AVENUE ANDRE MALRAUX ,  17250 ,  PONT L ABBE D ARNOULT",-0.870352,45.829411
"Crédit Mutuel","Coopérative","69 BOULEVARD ARISTIDE BRIAND ,  17200 ,  ROYAN",-1.030445,45.626885
"Crédit Mutuel","Coopérative","20 ROUTE DE SAINT CLEMENT ,  17590 ,  ARS EN RE",-1.513439,46.204158
"Crédit Mutuel","Coopérative","70 AVENUE VICTOR HUGO ,  85360 ,  LA TRANCHE SUR MER",-1.434463,46.345119
"Crédit Mutuel","Coopérative","1 RUE DU PONT NEUF ,  85460 ,  L AIGUILLON SUR MER",-1.311592,46.337336
"Crédit Mutuel","Coopérative","7 PLACE DE L HOTEL DE VILLE ,  85520 ,  JARD SUR MER",-1.576521,46.417148
"Crédit Mutuel","Coopérative","16 RUE NATIONALE ,  85750 ,  ANGLES",-1.401443,46.408814
"Crédit Mutuel","Coopérative","1 RUE DE LA LIBERTE ,  85560 ,  LONGEVILLE SUR MER",-1.49032,46.424456
"Crédit Mutuel","Coopérative","4 PLACE DE L ABBAYE ,  85580 ,  ST MICHEL EN L HERM",-1.250905,46.353291
"Crédit Mutuel","Coopérative","3 RUE DU BOIS VILAIS ,  85440 ,  AVRILLE",-1.493166,46.470423
"Crédit Mutuel","Coopérative","17 RUE DU CHATEAU ,  85440 ,  TALMONT ST HILAIRE",-1.618703,46.466795
"Crédit Mutuel","Coopérative","22 AVENUE NAPOLEON 1ER ,  85540 ,  MOUTIERS LES MAUXFAITS",-1.426678,46.490644
"Crédit Mutuel","Coopérative","7 PLACE GAMBETTA ,  17390 ,  LA TREMBLADE",-1.141532,45.769037
"Crédit Mutuel","Coopérative","11 RUE DES ENTREPRENEURS ,  17320 ,  MARENNES",-1.095742,45.826389
"Crédit Mutuel","Coopérative","102 RUE DE LA ROCHE ,  17640 ,  VAUX SUR MER",-1.046807,45.649183
"Crédit Mutuel","Coopérative","RUE GEORGES CLEMENCEAU ,  85770 ,  VIX",-0.857718,46.362996
"Crédit Mutuel","Coopérative","12 RUE DU CHAMP DE FOIRE ,  85420 ,  MAILLEZAIS",-0.739548,46.370794
"Crédit Mutuel","Coopérative","1 A RUE PASTEUR ,  79270 ,  FRONTENAY ROHAN ROHAN",-0.540813,46.254006
"Crédit Mutuel","Coopérative","455 AVENUE DU MARAIS POITEVIN ,  79460 ,  MAGNE",-0.554728,46.315986
"Crédit Mutuel","Coopérative","7 RUE DE LA COMBE ,  85490 ,  BENET",-0.596946,46.368602
"Crédit Mutuel","Coopérative","2 RUE DE L AN VI ,  85450 ,  CHAILLE LES MARAIS",-1.022757,46.392377
"Crédit Mutuel","Coopérative","31 RUE FRANCOIS ROY ,  85200 ,  FONTENAY LE COMTE",-0.808726,46.452188
"Crédit Mutuel","Coopérative","53 RUE DE LA REPUBLIQUE ,  85200 ,  FONTENAY LE COMTE",-0.801516,46.464689
"Crédit Mutuel","Coopérative","15 RUE DU 8 MAI 1945 ,  85370 ,  NALLIERS",-1.026276,46.470716
"Crédit Mutuel","Coopérative","10 PLACE DES ACACIAS ,  85401 ,  LUCON",-1.165739,46.455045
"Crédit Mutuel","Coopérative","5 RUE DU COMMERCE ,  79170 ,  BRIOUX SUR BOUTONNE",-0.218882,46.143203
"Crédit Mutuel","Coopérative","22 PLACE CAIL ,  79110 ,  CHEF BOUTONNE",-0.068794,46.108961
"Crédit Mutuel","Coopérative","20 PLACE DU MARCHE ,  79500 ,  MELLE",-0.145118,46.222265
"Crédit Mutuel","Coopérative","85 GRANDE RUE ,  79190 ,  SAUZE VAUSSAIS",0.107087,46.133859
"Crédit Mutuel","Coopérative","68 AVENUE DE NIORT ,  79370 ,  CELLES SUR BELLE",-0.222765,46.267302
"Crédit Mutuel","Coopérative","29 RUE ESPRIT DES LOIS ,  33075 ,  BORDEAUX",-0.573653,44.843075
"Crédit Mutuel","Coopérative","50 BOULEVARD RAYMOND FOURCADE ,  47200 ,  MARMANDE",0.169158,44.500958
"Crédit Mutuel","Coopérative","1817 ROUTE DE NIORT ,  79230 ,  AIFFRES",-0.428713,46.298838
"Crédit Mutuel","Coopérative","40 RUE D AURON ,  18000 ,  BOURGES",2.392756,47.081506
"Crédit Mutuel","Coopérative","1 RUE DE SARREBOURG ,  18000 ,  BOURGES",2.401441,47.079937
"Crédit Mutuel","Coopérative","ROUTE DE LA CHARITE ,  18000 ,  BOURGES",2.418746,47.09482
"Crédit Mutuel","Coopérative","62 ROUTE D ORLEANS ,  18230 ,  ST DOULCHARD",2.381709,47.098523
"Crédit Mutuel","Coopérative","9 RUE BLANCHE BARON ,  18102 ,  VIERZON",2.065605,47.222421
"Crédit Mutuel","Coopérative","1 RUE DE LA REPUBLIQUE ,  36100 ,  ISSOUDUN",1.99198,46.948394
"Crédit Mutuel","Coopérative","1 RUE SAINT JACQUES ,  58200 ,  COSNE COURS SUR LOIRE",2.924067,47.410201
"Crédit Mutuel","Coopérative","1 PLACE DU GENERAL DE GAULLE ,  41200 ,  ROMORANTIN LANTHENAY",1.743428,47.361094
"Crédit Mutuel","Coopérative","3 ROUTE D ISSOUDUN ,  36130 ,  DEOLS",1.701515,46.826072
"Crédit Mutuel","Coopérative","5 RUE JEAN JAURES ,  36000 ,  CHATEAUROUX",1.692763,46.811653
"Crédit Mutuel","Coopérative","33 AVENUE D OCCITANIE ,  36250 ,  ST MAUR",1.661792,46.790591
"Crédit Mutuel","Coopérative","26 RUE GAMBETTA ,  45500 ,  GIEN",2.630433,47.684559
"Crédit Mutuel","Coopérative","5 RUE DES HUILIERS ,  45600 ,  SULLY SUR LOIRE",2.375238,47.765389
"Crédit Mutuel","Coopérative","69 RUE DU GENERAL LECLERC ,  45240 ,  LA FERTE ST AUBIN",1.941536,47.721946
"Crédit Mutuel","Coopérative","1 RUE PIERRE HENRI MAUGER ,  41700 ,  LE CONTROIS EN SOLOGNE",1.428736,47.419464
"Crédit Mutuel","Coopérative","2 PLACE ARISTIDE BRIAND ,  45110 ,  CHATEAUNEUF SUR LOIRE",2.219279,47.865113
"Crédit Mutuel","Coopérative","77 RUE DE CHAMPAGNE ,  45160 ,  OLIVET",1.919619,47.84354
"Crédit Mutuel","Coopérative","127 AVENUE NATIONALE ,  45430 ,  CHECY",2.025141,47.897094
"Crédit Mutuel","Coopérative","1298 AVENUE D ANTIBES ,  45200 ,  AMILLY",2.733208,47.975495
"Crédit Mutuel","Coopérative","185 RUE DES CLOUSEAUX ,  41350 ,  ST GERVAIS LA FORET",1.369456,47.566312
"Crédit Mutuel","Coopérative","55 RUE NATIONALE ,  41400 ,  MONTRICHARD VAL DE CHER",1.185695,47.342967
"Crédit Mutuel","Coopérative","2 RUE DU COMMERCE ,  41000 ,  BLOIS",1.334982,47.58554
"Crédit Mutuel","Coopérative","34 PLACE DE LA NATION ,  87500 ,  ST YRIEIX LA PERCHE",1.201621,45.510515
"Crédit Mutuel","Coopérative","4 ALLEE D ITALIE ,  87220 ,  FEYTIAT",1.320275,45.81358
"Crédit Mutuel","Coopérative","20 PLACE DU COMMERCE ,  87350 ,  PANAZOL",1.306809,45.836501
"Crédit Mutuel","Coopérative","80 AVENUE MAL D LATTRE DE TASSIGNY ,  87000 ,  LIMOGES",1.274254,45.824905
"Crédit Mutuel","Coopérative","26 AVENUE MARTIN LUTHER KING ,  87000 ,  LIMOGES",1.234282,45.818757
"Crédit Mutuel","Coopérative","53 AVENUE DU PRESIDENT WILSON ,  87700 ,  AIXE SUR VIENNE",1.136267,45.796586
"Crédit Mutuel","Coopérative","13 PLACE JOURDAN ,  87000 ,  LIMOGES",1.264958,45.832082
"Crédit Mutuel","Coopérative","61 AVENUE DU GENERAL LECLERC ,  87100 ,  LIMOGES",1.259177,45.84334
"Crédit Mutuel","Coopérative","14 RUE GEORGES BRIQUET ,  87100 ,  LIMOGES",1.23337,45.841171
"Crédit Mutuel","Coopérative","7 RUE PASTEUR ,  87410 ,  LE PALAIS SUR VIENNE",1.324337,45.865658
"Crédit Mutuel","Coopérative","91 AVENUE DE LIMOGES ,  87270 ,  COUZEIX",1.238322,45.869566
"Crédit Mutuel","Coopérative","1 RUE JEAN MONNET ,  87570 ,  RILHAC RANCON",1.311023,45.899099
"Crédit Mutuel","Coopérative","27 BOULEVARD VICTOR HUGO ,  87200 ,  ST JUNIEN",0.900639,45.888766
"Crédit Mutuel","Coopérative","23 RUE DOMINIQUE ANCEMOT ,  21120 ,  IS SUR TILLE",5.112628,47.522558
"Crédit Mutuel","Coopérative","44 RUE HUBERT LANGUET ,  21350 ,  VITTEAUX",4.542415,47.396405
"Crédit Mutuel","Coopérative","1 AVENUE EDOUARD SPAHR ,  21260 ,  SELONGEY",5.16755,47.580301
"Crédit Mutuel","Coopérative","3 RUE DE LA LIBERTE ,  21140 ,  SEMUR EN AUXOIS",4.334108,47.491509
"Crédit Mutuel","Coopérative","9 AVENUE FRANCOIS MITTERRAND ,  21370 ,  PLOMBIERES LES DIJON",4.97278,47.339368
"Crédit Mutuel","Coopérative","4 RUE JEANNE BARRET ,  21000 ,  DIJON",5.05096,47.367094
"Crédit Mutuel","Coopérative","1 AVENUE DE LA DECOUVERTE ,  21000 ,  DIJON",5.045263,47.354608
"Crédit Mutuel","Coopérative","24 AVENUE ALBERT CAMUS ,  21098 ,  DIJON",5.046884,47.353526
"Crédit Mutuel","Coopérative","26 AVENUE ALBERT CAMUS ,  21000 ,  DIJON",5.046658,47.353722
"Crédit Mutuel","Coopérative","34 BOULEVARD DE TROYES ,  21240 ,  TALANT",5.012352,47.33669
"Crédit Mutuel","Coopérative","37 RUE DU FAUBOURG SAINT NICOLAS ,  21121 ,  FONTAINE LES DIJON",5.031561,47.338111
"Crédit Mutuel","Coopérative","12 PLACE DARCY ,  21054 ,  DIJON",5.03394,47.323863
"Crédit Mutuel","Coopérative","10 PLACE DARCY ,  21054 ,  DIJON",5.034609,47.323613
"Crédit Mutuel","Coopérative","15 BOULEVARD DE LA MARNE ,  21000 ,  DIJON",5.050434,47.329314
"Crédit Mutuel","Coopérative","67 AVENUE GUSTAVE EIFFEL ,  21000 ,  DIJON",5.018291,47.313824
"Crédit Mutuel","Coopérative","2 PLACE GALILEE ,  21000 ,  DIJON",5.066945,47.331928
"Crédit Mutuel","Coopérative","8 RUE SAULNIER ,  21230 ,  ARNAY LE DUC",4.488726,47.132842
"Crédit Mutuel","Coopérative","11 AVENUE GENERAL DE GAULLE ,  21320 ,  POUILLY EN AUXOIS",4.555085,47.263081
"Crédit Mutuel","Coopérative","14 B AVENUE CHARLES DE GAULLE ,  71400 ,  AUTUN",4.296128,46.952784
"Crédit Mutuel","Coopérative","3 RUE DE LA FOIRE ,  21210 ,  SAULIEU",4.23048,47.278866
"Crédit Mutuel","Coopérative","14 RUE CHARLES GIRAUD ,  21190 ,  MEURSAULT",4.782762,46.973724
"Crédit Mutuel","Coopérative","14 RUE GUSTAVE EIFFEL ,  21200 ,  BEAUNE",4.844443,47.040975
"Crédit Mutuel","Coopérative","6 PLACE FLEURY ,  21200 ,  BEAUNE",4.835878,47.022961
"Crédit Mutuel","Coopérative","2 RUE DU BOURG ,  71150 ,  CHAGNY",4.752338,46.910408
"Crédit Mutuel","Coopérative","5 RUE DU 18 DECEMBRE ,  21704 ,  NUITS ST GEORGES",4.952866,47.13733
"Crédit Mutuel","Coopérative","59 RUE MARECHAL FOCH ,  71200 ,  LE CREUSOT",4.43824,46.805028
"Crédit Mutuel","Coopérative","16 RUE JEAN JAURES ,  71200 ,  LE CREUSOT",4.420995,46.806227
"Crédit Mutuel","Coopérative","1 ROUTE DE BEAUNE ,  21220 ,  GEVREY CHAMBERTIN",4.980279,47.228843
"Crédit Mutuel","Coopérative","63 AVENUE DE LA REPUBLIQUE ,  71210 ,  MONTCHANIN",4.468618,46.750566
"Crédit Mutuel","Coopérative","18 PLACE DU PETIT FORUM ,  21160 ,  MARSANNAY LA COTE",5.003583,47.279832
"Crédit Mutuel","Coopérative","119 AVENUE ROLAND CARRAZ ,  21300 ,  CHENOVE",5.012613,47.287567
"Crédit Mutuel","Coopérative","38 AVENUE CONDORCET ,  71880 ,  CHATENOY LE ROYAL",4.810854,46.796698
"Crédit Mutuel","Coopérative","104 RUE EMILE GRUET ,  21130 ,  AUXONNE",5.388676,47.192694
"Crédit Mutuel","Coopérative","43 RUE DU 8 MAI 1945 ,  21270 ,  PONTAILLER SUR SAONE",5.41575,47.304611
"Crédit Mutuel","Coopérative","4 RUE PASTEUR ,  21110 ,  GENLIS",5.222486,47.241028
"Crédit Mutuel","Coopérative","34 AVENUE LEON JOUHAUX ,  39102 ,  DOLE",5.480902,47.088723
"Crédit Mutuel","Coopérative","7 A AVENUE DE LA GARE D EAU ,  21170 ,  ST JEAN DE LOSNE",5.262689,47.104014
"Crédit Mutuel","Coopérative","29 RUE MARCEL AYME ,  39102 ,  DOLE",5.494702,47.092891
"Crédit Mutuel","Coopérative","19 PLACE DE L HOTEL DE VILLE ,  21470 ,  BRAZEY EN PLAINE",5.215074,47.133506
"Crédit Mutuel","Coopérative","4 AVENUE KENNEDY ,  39500 ,  TAVAUX",5.413506,47.042386
"Crédit Mutuel","Coopérative","2 PLACE DE LA LIBERTE ,  21800 ,  CHEVIGNY ST SAUVEUR",5.134641,47.298977
"Crédit Mutuel","Coopérative","34 GRANDE RUE ,  21310 ,  MIREBEAU SUR BEZE",5.316808,47.399364
"Crédit Mutuel","Coopérative","4 PLACE CENTRALE ROGER REMOND ,  21800 ,  QUETIGNY",5.110444,47.313319
"Crédit Mutuel","Coopérative","18 ROUTE DE DIJON ,  21600 ,  LONGVIC",5.063198,47.285371
"Crédit Mutuel","Coopérative","605 ROUTE DE GRAY ,  21850 ,  ST APOLLINAIRE",5.102232,47.3367
"Crédit Mutuel","Coopérative","63 RUE DE MIRANDE ,  21000 ,  DIJON",5.061317,47.317305
"Crédit Mutuel","Coopérative","4 GR DU FG SAINT GEORGES ,  21250 ,  SEURRE",5.147566,46.995686
"Crédit Mutuel","Coopérative","30 RUE CHEVREUL ,  21000 ,  DIJON",5.039804,47.308309
"Crédit Mutuel","Coopérative","1 RUE LAMONNOYE ,  21000 ,  DIJON",5.043568,47.321416
"Crédit Mutuel","Coopérative","12 PLACE DE LA LIBERTE ,  71350 ,  VERDUN SUR LE DOUBS",5.024179,46.896451
"Crédit Mutuel","Coopérative","PLACE DU JEU DE PAUME ,  21460 ,  EPOISSES",4.173127,47.507161
"Crédit Mutuel","Coopérative","35 GRANDE RUE ARISTIDE BRIAND ,  89200 ,  AVALLON",3.907531,47.488463
"Crédit Mutuel","Coopérative","12 PLACE CHARLES LEPERE ,  89000 ,  AUXERRE",3.56892,47.795302
"Crédit Mutuel","Coopérative","30 AVENUE CHARLES DE GAULLE ,  89000 ,  AUXERRE",3.56491,47.807295
"Crédit Mutuel","Coopérative","PLACE HENRI IV ,  21610 ,  FONTAINE FRANCAISE",5.369715,47.52549
"Crédit Mutuel","Coopérative","5 BOULEVARD DES GRANDS MOULINS ,  70100 ,  GRAY",5.588994,47.448626
"Crédit Mutuel","Coopérative","2 RUE FERNAND PERROT ,  70150 ,  MARNAY",5.763449,47.289458
"Crédit Mutuel","Coopérative","26 BOULEVARD JEAN MOULIN ,  23300 ,  LA SOUTERRAINE",1.488127,46.23464
"Crédit Mutuel","Coopérative","2 RUE LOUIS JOUVET ,  87300 ,  BELLAC",1.048134,46.122184
"Crédit Mutuel","Coopérative","14 BOULEVARD GAMBETTA ,  86500 ,  MONTMORILLON",0.869411,46.427146
"Crédit Mutuel","Coopérative","23 ROUTE DE MONTMORILLON ,  86320 ,  LUSSAC LES CHATEAUX",0.725882,46.403397
"Crédit Mutuel","Coopérative","14 ALLEE DU CHENE ,  25400 ,  AUDINCOURT",6.845462,47.483854
"Crédit Mutuel","Coopérative","16 RUE ETIENNE OEHMICHEN ,  25700 ,  VALENTIGNEY",6.832736,47.464741
"Crédit Mutuel","Coopérative","118 RUE DU GENERAL LECLERC ,  25230 ,  SELONCOURT",6.860448,47.461178
"Crédit Mutuel","Coopérative","ZAC DU PIED DES GOUTTES ,  25200 ,  MONTBELIARD",6.815381,47.49896
"Crédit Mutuel","Coopérative","3 AVENUE DU GEN CHARLES DE GAULLE ,  25460 ,  ETUPES",6.863699,47.506462
"Crédit Mutuel","Coopérative","7 RUE DE PONTARLIER ,  25600 ,  SOCHAUX",6.833201,47.514366
"Crédit Mutuel","Coopérative","2 IMPASSE DES GRAVIERS ,  25200 ,  MONTBELIARD",6.79545,47.507262
"Crédit Mutuel","Coopérative","6 RUE GEORGES CLEMENCEAU ,  25200 ,  MONTBELIARD",6.796236,47.509835
"Crédit Mutuel","Coopérative","2 RUE DU 17 NOVEMBRE ,  25350 ,  MANDEURE",6.820798,47.444849
"Crédit Mutuel","Coopérative","20 RUE PIERRE CURIE ,  25200 ,  GRAND CHARMONT",6.82264,47.527216
"Crédit Mutuel","Coopérative","2 RUE DU CHAMP DU MOULIN ,  25200 ,  BETHONCOURT",6.797673,47.526354
"Crédit Mutuel","Coopérative","2 RUE PIERRE BEUCLER ,  90500 ,  BEAUCOURT",6.925803,47.485378
"Crédit Mutuel","Coopérative","10 GRANDE RUE ,  90400 ,  TREVENANS",6.862276,47.569837
"Crédit Mutuel","Coopérative","33 RUE GENERAL LECLERC ,  90600 ,  GRANDVILLARS",6.973221,47.538142
"Crédit Mutuel","Coopérative","2 A RUE DES BUIS ,  25150 ,  PONT DE ROIDE VERMONDANS",6.768033,47.388343
"Crédit Mutuel","Coopérative","38 AVENUE LEON JOUHAUX ,  70400 ,  HERICOURT",6.76455,47.579249
"Crédit Mutuel","Coopérative","32 FAUBOURG DE BELFORT ,  90101 ,  DELLE",7.001074,47.512865
"Crédit Mutuel","Coopérative","7 RUE D ANDELNANS ,  90400 ,  DANJOUTIN",6.862797,47.615331
"Crédit Mutuel","Coopérative","47 GR FRANCOIS MITTERRAND ,  90800 ,  BAVILLIERS",6.832436,47.619639
"Crédit Mutuel","Coopérative","1 RUE JEAN DOLLFUS ,  90000 ,  BELFORT",6.842445,47.637078
"Crédit Mutuel","Coopérative","20 RUE DE LA PRAIRIE ,  25114 ,  BAUME LES DAMES",6.356214,47.348479
"Crédit Mutuel","Coopérative","4 B PLACE DU MARCHE ,  25680 ,  ROUGEMONT",6.354527,47.480034
"Crédit Mutuel","Coopérative","2 RUE DU MAGNY ,  25250 ,  L ISLE SUR LE DOUBS",6.582393,47.448642
"Crédit Mutuel","Coopérative","5 RUE DU LAVOIR ,  25800 ,  VALDAHON",6.343475,47.148461
"Crédit Mutuel","Coopérative","118 RUE FRANCOIS GRAMMONT ,  70110 ,  VILLERSEXEL",6.433349,47.55118
"Crédit Mutuel","Coopérative","34 RUE DU TACOT ,  70190 ,  RIOZ",6.067998,47.43121
"Crédit Mutuel","Coopérative","2 GRANDE RUE ,  25660 ,  SAONE",6.11704,47.2241
"Crédit Mutuel","Coopérative","154 RUE DE BELFORT ,  25000 ,  BESANCON",6.04583,47.2593
"Crédit Mutuel","Coopérative","15 B AVENUE FONTAINE ARGENT ,  25000 ,  BESANCON",6.03207,47.2449
"Crédit Mutuel","Coopérative","1 PLACE FLORE ,  25000 ,  BESANCON",6.02794,47.2453
"Crédit Mutuel","Coopérative","3 BIS AVENUE ELISEE CUSENIER ,  25013 ,  BESANCON",6.0267,47.2409
"Crédit Mutuel","Coopérative","1 ROUTE DE GILLEY ,  25390 ,  ORCHAMPS VENNES",6.524122,47.12596
"Crédit Mutuel","Coopérative","6 RUE JEAN WYRSCH ,  25000 ,  BESANCON",6.01605,47.2546
"Crédit Mutuel","Coopérative","4 RUE GUSTAVE COURBET ,  25014 ,  BESANCON",6.02356,47.24
"Crédit Mutuel","Coopérative","ROUTE DE CHATILLON ,  25870 ,  CHATILLON LE DUC",5.99291,47.2851
"Crédit Mutuel","Coopérative","13 B AVENUE DE MONTRAPON ,  25000 ,  BESANCON",6.01002,47.2454
"Crédit Mutuel","Coopérative","65 BIS RUE DE DOLE ,  25020 ,  BESANCON",5.99514,47.2308
"Crédit Mutuel","Coopérative","5 RUE MADELEINE BRES ,  25000 ,  BESANCON",5.98134,47.243
"Crédit Mutuel","Coopérative","PLACE DU JURA ,  25290 ,  ORNANS",6.149495,47.104492
"Crédit Mutuel","Coopérative","14 RUE ANDRE BRETON ,  25058 ,  BESANCON",5.9524,47.2147
"Crédit Mutuel","Coopérative","13 B AVENUE DE L ILE DE FRANCE ,  25000 ,  BESANCON",5.96715,47.2212
"Crédit Mutuel","Coopérative","12 RUE DE BESANCON ,  25410 ,  ST VIT",5.81682,47.1842
"Crédit Mutuel","Coopérative","18 RUE DE LA REPUBLIQUE ,  39110 ,  SALINS LES BAINS",5.877294,46.936284
"Crédit Mutuel","Coopérative","9 RUE DE LA REPUBLIQUE ,  90000 ,  BELFORT",6.859895,47.637418
"Crédit Mutuel","Coopérative","1 PLACE DE LA REPUBLIQUE ,  90004 ,  BELFORT",6.860934,47.638819
"Crédit Mutuel","Coopérative","2 RUE DE L ETANG ,  90000 ,  BELFORT",6.845461,47.643488
"Crédit Mutuel","Coopérative","2 RUE DE SAINT HIPPOLYTE ,  25120 ,  MAICHE",6.801912,47.253436
"Crédit Mutuel","Coopérative","RUE PASTEUR ,  25130 ,  VILLERS LE LAC",6.667112,47.058913
"Crédit Mutuel","Coopérative","23 GRANDE RUE ,  25500 ,  MORTEAU",6.60466,47.05711
"Crédit Mutuel","Coopérative","1 RUE DE BELFORT ,  68210 ,  MONTREUX VIEUX",7.022696,47.619657
"Crédit Mutuel","Coopérative","6 RUE ANDRE ROZ ,  25300 ,  DOUBS",6.34183,46.924708
"Crédit Mutuel","Coopérative","17 RUE DE SALINS ,  25300 ,  PONTARLIER",6.348986,46.905954
"Crédit Mutuel","Coopérative","16 ROUTE DE LA POSTE ,  25370 ,  LES HOPITAUX NEUFS",6.370729,46.775633
"Crédit Mutuel","Coopérative","50 RUE DU MARECHAL FOCH ,  39300 ,  CHAMPAGNOLE",5.911595,46.744105
"Crédit Mutuel","Coopérative","34 PLACE DE LA LIBERTE ,  39600 ,  ARBOIS",5.773301,46.903189
"Crédit Mutuel","Coopérative","RUE DU LAC ,  74500 ,  EVIAN LES BAINS",6.587411,46.400947
"Crédit Mutuel","Coopérative","18 PLACE DES DEPORTES ,  39800 ,  POLIGNY",5.708948,46.833949
"Crédit Mutuel","Coopérative","CENTRE COMMERCIAL ,  38780 ,  PONT EVEQUE",4.911498,45.531564
"Crédit Mutuel","Coopérative","1 PLACE HENRI BARBUSSE ,  69700 ,  GIVORS",4.773873,45.581874
"Crédit Mutuel","Coopérative","1 PLACE DEAGENT ,  38160 ,  ST MARCELLIN",5.320798,45.152447
"Crédit Mutuel","Coopérative","36 RUE VICTOR HUGO ,  86400 ,  CIVRAY",0.296003,46.148587
"Crédit Mutuel","Coopérative","1 B PLACE DE LA PAYSE ,  79120 ,  LEZAY",-0.009625,46.265521
"Crédit Mutuel","Coopérative","13 AVENUE DE PARIS ,  86370 ,  VIVONNE",0.263884,46.431835
"Crédit Mutuel","Coopérative","PLACE CLEMENCEAU ,  79800 ,  LA MOTHE ST HERAY",-0.112413,46.360526
"Crédit Mutuel","Coopérative","56 AVENUE DE PARIS ,  79260 ,  LA CRECHE",-0.300385,46.361028
"Crédit Mutuel","Coopérative","10 AVENUE GAMBETTA ,  79400 ,  ST MAIXENT L ECOLE",-0.201816,46.414649
"Crédit Mutuel","Coopérative","13 PLACE ARISTIDE BRIAND ,  27110 ,  LE NEUBOURG",0.901152,49.148172
"Crédit Mutuel","Coopérative","25 PLACE CARNOT ,  27190 ,  CONCHES EN OUCHE",0.94167,48.963905
"Crédit Mutuel","Coopérative","7 PLACE SAINT MARTIN ,  61300 ,  L AIGLE",0.627985,48.764865
"Crédit Mutuel","Coopérative","26 RUE DES MARTYRS ,  76500 ,  ELBEUF",1.007341,49.288159
"Crédit Mutuel","Coopérative","10 RUE CHARTRAINE ,  27000 ,  EVREUX",1.14792,49.025904
"Crédit Mutuel","Coopérative","21 RUE JEAN MOULIN ,  27000 ,  EVREUX",1.152574,49.013299
"Crédit Mutuel","Coopérative","23 RUE DU MARECHAL FOCH ,  27400 ,  LOUVIERS",1.170444,49.211548
"Crédit Mutuel","Coopérative","80 RUE DE LA PIERRE D ETAT ,  76650 ,  PETIT COURONNE",1.022947,49.387788
"Crédit Mutuel","Coopérative","22 RUE DE LA POISSONNERIE ,  27130 ,  VERNEUIL D AVRE ET D ITON",0.929594,48.738257
"Crédit Mutuel","Coopérative","60 RUE CHARLES RENARD ,  28350 ,  ST LUBIN DES JONCHERETS",1.197138,48.769468
"Crédit Mutuel","Coopérative","23 RUE DE PARIS ,  28270 ,  BREZOLLES",1.075513,48.690316
"Crédit Mutuel","Coopérative","81 RUE EDOUARD ISAMBARD ,  27120 ,  PACY SUR EURE",1.380828,49.014231
"Crédit Mutuel","Coopérative","20 RUE DU GENERAL DE GAULLE ,  27600 ,  GAILLON",1.332882,49.160368
"Crédit Mutuel","Coopérative","66 ROUTE DE CRECY ,  28500 ,  VERNOUILLET",1.336983,48.730165
"Crédit Mutuel","Coopérative","16 RUE DES GAULTS ,  28109 ,  DREUX",1.370852,48.735657
"Crédit Mutuel","Coopérative","37 RUE D ALBUFERA ,  27200 ,  VERNON",1.484015,49.093165
"Crédit Mutuel","Coopérative","8 RUE LOUIS PEURET ,  28250 ,  SENONCHES",1.037166,48.560072
"Crédit Mutuel","Coopérative","3 RUE DE LA VERRERIE ,  61190 ,  TOUROUVRE AU PERCHE",0.652411,48.590615
"Crédit Mutuel","Coopérative","2 PLACE NICOLAS POUSSIN ,  27700 ,  LES ANDELYS",1.418795,49.247378
"Crédit Mutuel","Coopérative","4 RUE JEAN JACQUES ROUSSEAU ,  76800 ,  ST ETIENNE DU ROUVRAY",1.107547,49.381086
"Crédit Mutuel","Coopérative","5 AVENUE DE LA REPUBLIQUE ,  78200 ,  MANTES LA JOLIE",1.713627,48.989447
"Crédit Mutuel","Coopérative","75 ROUTE DE PARIS ,  76240 ,  LE MESNIL ESNARD",1.141986,49.41013
"Crédit Mutuel","Coopérative","11 PLACE DE L HOTEL DE VILLE ,  76300 ,  SOTTEVILLE LES ROUEN",1.090394,49.415589
"Crédit Mutuel","Coopérative","63 RUE SADI CARNOT ,  76160 ,  DARNETAL",1.146219,49.440692
"Crédit Mutuel","Coopérative","71 AVENUE DES PROVINCES ,  76120 ,  LE GRAND QUEVILLY",1.051223,49.40848
"Crédit Mutuel","Coopérative","20 RUE DE VIENNE ,  27140 ,  GISORS",1.776525,49.280106
"Crédit Mutuel","Coopérative","120 RUE SAINT JULIEN ,  76100 ,  ROUEN",1.075861,49.426555
"Crédit Mutuel","Coopérative","96 RUE SAINT SEVER ,  76100 ,  ROUEN",1.087306,49.432256
"Crédit Mutuel","Coopérative","1 RUE DE LA REPUBLIQUE ,  60240 ,  CHAUMONT EN VEXIN",1.882765,49.264917
"Crédit Mutuel","Coopérative","2 RUE DES BOUCHERS ,  76220 ,  GOURNAY EN BRAY",1.724858,49.482837
"Crédit Mutuel","Coopérative","32 PLACE DE L HOTEL DE VILLE ,  60110 ,  MERU",2.134071,49.236356
"Crédit Mutuel","Coopérative","156 RUE DE PARIS ,  60000 ,  BEAUVAIS",2.096842,49.417816
"Crédit Mutuel","Coopérative","4 RUE DES JACOBINS ,  60000 ,  BEAUVAIS",2.084075,49.43099
"Crédit Mutuel","Coopérative","47 RUE DE CALAIS ,  60000 ,  BEAUVAIS",2.083808,49.437323
"Crédit Mutuel","Coopérative","57 B RUE ARISTIDE BRIAND ,  95520 ,  OSNY",2.059025,49.061041
"Crédit Mutuel","Coopérative","11 RUE THIERS ,  95300 ,  PONTOISE",2.096068,49.048621
"Crédit Mutuel","Coopérative","10 RUE DU MARCHE NEUF ,  95000 ,  CERGY",2.078538,49.0373
"Crédit Mutuel","Coopérative","12 RUE DES GALERIES ,  95000 ,  CERGY",2.079417,49.037211
"Crédit Mutuel","Coopérative","18 RUE DU GENERAL LECLERC ,  95310 ,  ST OUEN L AUMONE",2.106266,49.046123
"Crédit Mutuel","Coopérative","CENTRE COMMERCIAL FAMILY VILLAGE ,  78410 ,  AUBERGENVILLE",1.847551,48.974969
"Crédit Mutuel","Coopérative","89 PLACE DE L HOTEL DE VILLE ,  60230 ,  CHAMBLY",2.244062,49.166591
"Crédit Mutuel","Coopérative","72 AVENUE JEAN JAURES ,  76140 ,  LE PETIT QUEVILLY",1.06587,49.427584
"Crédit Mutuel","Coopérative","377 PLACE DU GENERAL DE GAULLE ,  76480 ,  DUCLAIR",0.87612,49.48183
"Crédit Mutuel","Coopérative","42 RUE JEANNE D ARC ,  76001 ,  ROUEN",1.090165,49.441245
"Crédit Mutuel","Coopérative","27 PLACE SAINT MARC ,  76000 ,  ROUEN",1.100799,49.439058
"Crédit Mutuel","Coopérative","1 RUE NATIONALE ,  78940 ,  LA QUEUE LES YVELINES",1.774577,48.804924
"Crédit Mutuel","Coopérative","6 RUE DE LA VOLAILLE ,  28210 ,  NOGENT LE ROI",1.532794,48.648536
"Crédit Mutuel","Coopérative","136 PLACE GASTON SANSON ,  76640 ,  TERRES DE CAUX",0.59132,49.650945
"Crédit Mutuel","Coopérative","3 RUE LOUIS BOUILHET ,  76190 ,  YVETOT",0.753304,49.617769
"Crédit Mutuel","Coopérative","61 RUE JEAN MOULIN ,  28170 ,  CHATEAUNEUF EN THYMERAIS",1.244139,48.579492
"Crédit Mutuel","Coopérative","10 RUE DE L EGLISE ,  28240 ,  LA LOUPE",1.013523,48.471097
"Crédit Mutuel","Coopérative","54 RUE PANNARD ,  28190 ,  COURVILLE SUR EURE",1.240762,48.448589
"Crédit Mutuel","Coopérative","3 PLACE DU GENERAL DE GAULLE ,  61110 ,  REMALARD EN PERCHE",0.772403,48.42849
"Crédit Mutuel","Coopérative","24 RUE COLLIN D HARLEVILLE ,  28130 ,  MAINTENON",1.577963,48.587913
"Crédit Mutuel","Coopérative","45 AVENUE DE LA PAIX ,  28300 ,  LEVES",1.480519,48.469514
"Crédit Mutuel","Coopérative","22 PLACE DU MARCHE ,  28700 ,  AUNEAU BLEURY ST SYMPHORIEN",1.77348,48.461523
"Crédit Mutuel","Coopérative","7 RUE DE LA PORTE DE CHARTRES ,  28320 ,  GALLARDON",1.688424,48.524559
"Crédit Mutuel","Coopérative","13 RUE BOURGEOISE ,  28231 ,  EPERNON",1.675994,48.609139
"Crédit Mutuel","Coopérative","4 B AVENUE GUSTAVE EIFFEL ,  28630 ,  GELLAINVILLE",1.522229,48.43112
"Crédit Mutuel","Coopérative","RUE DE LA MADELEINE ,  28000 ,  CHARTRES",1.51095,48.448373
"Crédit Mutuel","Coopérative","95 RUE D ANGIVILLER ,  78511 ,  RAMBOUILLET",1.829677,48.643418
"Crédit Mutuel","Coopérative","4 RUE MATHURIN REGNIER ,  28000 ,  CHARTRES",1.487444,48.442884
"Crédit Mutuel","Coopérative","16 AVENUE DE LA REPUBLIQUE ,  28600 ,  LUISANT",1.472792,48.427549
"Crédit Mutuel","Coopérative","167 RUE DE LA REPUBLIQUE ,  28300 ,  MAINVILLIERS",1.461092,48.449396
"Crédit Mutuel","Coopérative","118 RUE DE LA REPUBLIQUE ,  28110 ,  LUCE",1.460694,48.439374
"Crédit Mutuel","Coopérative","2 PLACE TESSIER ,  91670 ,  ANGERVILLE",1.998597,48.311778
"Crédit Mutuel","Coopérative","11 RUE DE VERDUN ,  28150 ,  LES VILLAGES VOVEENS",1.628873,48.271384
"Crédit Mutuel","Coopérative","3 RUE SAINTE CROIX ,  91150 ,  ETAMPES",2.161705,48.435132
"Crédit Mutuel","Coopérative","6 RUE DE LA MADELEINE ,  28310 ,  JANVILLE",1.881753,48.201002
"Crédit Mutuel","Coopérative","134 RUE NATIONALE ,  28310 ,  TOURY",1.936273,48.194891
"Crédit Mutuel","Coopérative","1 RUE DU 11 NOVEMBRE ,  28120 ,  BAILLEAU LE PIN",1.32732,48.366932
"Crédit Mutuel","Coopérative","9 RUE DU SOUS LT GERMOND ,  28330 ,  AUTHON DU PERCHE",0.893029,48.196413
"Crédit Mutuel","Coopérative","6 RUE DE LA HERSE ,  28402 ,  NOGENT LE ROTROU",0.819313,48.321806
"Crédit Mutuel","Coopérative","1 RUE CARNOT ,  72400 ,  LA FERTE BERNARD",0.653607,48.185753
"Crédit Mutuel","Coopérative","2 RUE XAVIER BOUTET ,  72320 ,  VIBRAYE",0.735786,48.059635
"Crédit Mutuel","Coopérative","77 GRANDE RUE ,  28290 ,  COMMUNE NOUVELLE D ARROU",1.120992,48.100748
"Crédit Mutuel","Coopérative","14 RUE DE LA CHEVALERIE ,  28160 ,  BROU",1.167684,48.210164
"Crédit Mutuel","Coopérative","29 PLACE DU MARCHE ,  41170 ,  MONDOUBLEAU",0.89456,47.981003
"Crédit Mutuel","Coopérative","24 RUE DE CHARTRES ,  28120 ,  ILLIERS COMBRAY",1.24734,48.300875
"Crédit Mutuel","Coopérative","37 RUE BOUCICAUT ,  61130 ,  BELLEME",0.565669,48.374779
"Crédit Mutuel","Coopérative","2 RUE DES HALLES ,  72120 ,  ST CALAIS",0.743658,47.921126
"Crédit Mutuel","Coopérative","3 RUE MICHEL BEAUFILS ,  72160 ,  CONNERRE",0.493289,48.060388
"Crédit Mutuel","Coopérative","44 RUE NATIONALE ,  28220 ,  CLOYES LES TROIS RIVIERES",1.32606,47.972201
"Crédit Mutuel","Coopérative","31 ROUTE NATIONALE ,  28200 ,  ST DENIS LANNERAY",1.306679,48.068536
"Crédit Mutuel","Coopérative","7 RUE DU MARECHAL LECLERC ,  72110 ,  BONNETABLE",0.426032,48.177644
"Crédit Mutuel","Coopérative","2 RUE DU VAL DE LOIR ,  72440 ,  BOULOIRE",0.55775,47.971614
"Crédit Mutuel","Coopérative","25 PLACE DU 18 OCTOBRE ,  28200 ,  CHATEAUDUN",1.329262,48.070416
"Crédit Mutuel","Coopérative","5 RUE DE LA GREVE ,  28800 ,  BONNEVAL",1.387359,48.18049
"Crédit Mutuel","Coopérative","29 RUE DE BELLEVUE ,  28140 ,  ORGERES EN BEAUCE",1.685531,48.147004
"Crédit Mutuel","Coopérative","23 PLACE DE L HOTEL DE VILLE ,  45410 ,  ARTENAY",1.878178,48.082117
"Crédit Mutuel","Coopérative","20 RUE DE LA CROIX BLANCHE ,  45310 ,  PATAY",1.695338,48.049154
"Crédit Mutuel","Coopérative","3 PLACE DE L EGLISE ,  41240 ,  BEAUCE LA ROMAINE",1.5281,47.910661
"Crédit Mutuel","Coopérative","29 GRANDE RUE ,  41290 ,  OUCQUES LA NOUVELLE",1.293914,47.8225
"Crédit Mutuel","Coopérative","3 FAUBOURG CHARTRAIN ,  41100 ,  VENDOME",1.068042,47.794767
"Crédit Mutuel","Coopérative","60 RUE JEHAN DE MEUNG ,  45130 ,  MEUNG SUR LOIRE",1.694869,47.824737
"Crédit Mutuel","Coopérative","23 PLACE DU MARTROI ,  45190 ,  BEAUGENCY",1.629896,47.776902
"Crédit Mutuel","Coopérative","2 AVENUE DE LA GRENAUDIERE ,  45140 ,  INGRE",1.829782,47.919246
"Crédit Mutuel","Coopérative","12 RUE SAINT DENIS ,  41800 ,  MONTOIRE SUR LE LOIR",0.862958,47.75297
"Crédit Mutuel","Coopérative","5 PLACE DE L HOTEL DE VILLE ,  72310 ,  BESSE SUR BRAYE",0.752126,47.833674
"Crédit Mutuel","Coopérative","8 RUE DANTON ,  78990 ,  ELANCOURT",1.952993,48.767471
"Crédit Mutuel","Coopérative","2 RUE JEAN JACQUES ROUSSEAU ,  78370 ,  PLAISIR",1.948171,48.816644
"Crédit Mutuel","Coopérative","PLACE DU 14 JUILLET ,  78470 ,  ST REMY LES CHEVREUSE",2.071637,48.706143
"Crédit Mutuel","Coopérative","2 PLACE DU GENERAL LECLERC ,  45170 ,  NEUVILLE AUX BOIS",2.053064,48.069248
"Crédit Mutuel","Coopérative","33 RUE AMIRAL GOURDON ,  45300 ,  PITHIVIERS",2.256171,48.172491
"Crédit Mutuel","Coopérative","3 RUE DES 15 FUSILLES ,  61400 ,  MORTAGNE AU PERCHE",0.545314,48.520972
"Crédit Mutuel","Coopérative","55 PLACE CARNOT ,  72600 ,  MAMERS",0.368924,48.35065
"Crédit Mutuel","Coopérative","5 PLACE DES TILLEULS ,  72260 ,  MAROLLES LES BRAULTS",0.31439,48.252623
"Crédit Mutuel","Coopérative","377 RUE DE LA FONTAINE ,  45771 ,  SARAN",1.876641,47.951481
"Crédit Mutuel","Coopérative","224 ANCIENNE ROUTE DE CHARTRES ,  45770 ,  SARAN",1.893891,47.934073
"Crédit Mutuel","Coopérative","130 RUE MARCELIN BERTHELOT ,  45400 ,  FLEURY LES AUBRAIS",1.916222,47.927968
"Crédit Mutuel","Coopérative","50 RUE CHARLES BEAUHAIRE ,  45140 ,  ST JEAN DE LA RUELLE",1.877571,47.911714
"Crédit Mutuel","Coopérative","103 B RUE DU FAUBOURG MADELEINE ,  45000 ,  ORLEANS",1.879628,47.8997
"Crédit Mutuel","Coopérative","105 RUE DU FAUBOURG MADELEINE ,  45920 ,  ORLEANS",1.878362,47.899531
"Crédit Mutuel","Coopérative","20 RUE GEORGES DANTON ,  45800 ,  ST JEAN DE BRAYE",1.968725,47.912357
"Crédit Mutuel","Coopérative","61 RUE DE LA BRETONNERIE ,  45000 ,  ORLEANS",1.903423,47.905822
"Crédit Mutuel","Coopérative","100 RUE BANNIER ,  45000 ,  ORLEANS",1.902275,47.905907
"Crédit Mutuel","Coopérative","29 PLACE DU CHATELET ,  45000 ,  ORLEANS",1.904823,47.899427
"Crédit Mutuel","Coopérative","60 AVENUE DE LA MER ,  34130 ,  MAUGUIO",4.006928,43.61345
"Crédit Mutuel","Coopérative","255 RUE DE L ACROPOLE ,  34061 ,  MONTPELLIER",3.89252,43.608556
"Crédit Mutuel","Coopérative","PLACE ERNEST GRANIER ,  34000 ,  MONTPELLIER",3.901148,43.601599
"Crédit Mutuel","Coopérative","55 ROUTE DE FRONTON ,  31140 ,  AUCAMVILLE",1.430636,43.663592
"Crédit Mutuel","Coopérative","2 RUE DU PONT VIEIL ,  31780 ,  CASTELGINEST",1.426937,43.691123
"Crédit Mutuel","Coopérative","51 AVENUE DE TOULOUSE ,  31240 ,  L UNION",1.479673,43.656905
"Crédit Mutuel","Coopérative","115 ROUTE D ALBI ,  31200 ,  TOULOUSE",1.463554,43.634826
"Crédit Mutuel","Coopérative","3 RUE PROSPER FERRADOU ,  31700 ,  BLAGNAC",1.39676,43.63415
"Crédit Mutuel","Coopérative","86 RUE DES PINS ,  31700 ,  BEAUZELLE",1.373405,43.669207
"Crédit Mutuel","Coopérative","108 AVENUE DES MINIMES ,  31200 ,  TOULOUSE",1.435293,43.621805
"Crédit Mutuel","Coopérative","141 RUE DU FAUBOURG BONNEFOY ,  31500 ,  TOULOUSE",1.457909,43.621547
"Crédit Mutuel","Coopérative","CHEMIN BELBEZE ,  31240 ,  ST JEAN",1.502973,43.658676
"Crédit Mutuel","Coopérative","6 RUE DE LA TUILERIE ,  31130 ,  BALMA",1.485311,43.628996
"Crédit Mutuel","Coopérative","10 RUE DE LA TUILERIE ,  31132 ,  BALMA",1.485311,43.628996
"Crédit Mutuel","Coopérative","31 AVENUE DE TOULOUSE ,  31150 ,  BRUGUIERES",1.411178,43.725319
"Crédit Mutuel","Coopérative","7 ESP COMPANS CAFFARELLI ,  31000 ,  TOULOUSE",1.435186,43.610726
"Crédit Mutuel","Coopérative","44 AVENUE DE L URSS ,  31400 ,  TOULOUSE",1.449191,43.581498
"Crédit Mutuel","Coopérative","107 AVENUE DE MURET ,  31300 ,  TOULOUSE",1.427176,43.583902
"Crédit Mutuel","Coopérative","9 PLACE DES PRADETTES ,  31100 ,  TOULOUSE",1.387629,43.581297
"Crédit Mutuel","Coopérative","3 AVENUE ETIENNE BILLIERES ,  31300 ,  TOULOUSE",1.429433,43.597449
"Crédit Mutuel","Coopérative","107 AVENUE CAMILLE PUJOL ,  31500 ,  TOULOUSE",1.466041,43.600716
"Crédit Mutuel","Coopérative","2 RUE GEORGES DE BUFFON ,  31130 ,  BALMA",1.493705,43.607745
"Crédit Mutuel","Coopérative","1 RUE DE MOURLAS ,  31700 ,  CORNEBARRIEU",1.329166,43.652904
"Crédit Mutuel","Coopérative","PLACE D OCCITANIE ,  31770 ,  COLOMIERS",1.334598,43.611292
"Crédit Mutuel","Coopérative","236 AVENUE DE GRANDE BRETAGNE ,  31300 ,  TOULOUSE",1.409247,43.602701
"Crédit Mutuel","Coopérative","1 B RUE A LAURENT DE LAVOISIER ,  31770 ,  COLOMIERS",1.309492,43.610994
"Crédit Mutuel","Coopérative","51 RUE D ALSACE LORRAINE ,  31000 ,  TOULOUSE",1.445598,43.605513
"Crédit Mutuel","Coopérative","29 ALLEES JEAN JAURES ,  31000 ,  TOULOUSE",1.449926,43.606923
"Crédit Mutuel","Coopérative","19 RUE DE METZ ,  31000 ,  TOULOUSE",1.443567,43.600406
"Crédit Mutuel","Coopérative","19 BOULEVARD LAZARE CARNOT ,  31000 ,  TOULOUSE",1.451585,43.601481
"Crédit Mutuel","Coopérative","2 RUE DU PORT HAUT ,  31330 ,  GRENADE",1.297622,43.767661
"Crédit Mutuel","Coopérative","115 B ROUTE DE TOULOUSE ,  31620 ,  FRONTON",1.393384,43.829509
"Crédit Mutuel","Coopérative","5 PLACE DU 8 MAI 1945 ,  31490 ,  LEGUEVIN",1.234424,43.599952
"Crédit Mutuel","Coopérative","3 ALLEE DES COUSTOUS ,  65200 ,  BAGNERES DE BIGORRE",0.150136,43.063609
"Crédit Mutuel","Coopérative","82 RUE MARECHAL FOCH ,  65000 ,  TARBES",0.082129,43.231748
"Crédit Mutuel","Coopérative","19 AVENUE DU REGIMENT DE BIGORRE ,  65000 ,  TARBES",0.072802,43.232291
"Crédit Mutuel","Coopérative","24 AVENUE ALSACE LORRAINE ,  65000 ,  TARBES",0.073376,43.244609
"Crédit Mutuel","Coopérative","4 PLACE DE L HOTEL DE VILLE ,  32600 ,  L ISLE JOURDAIN",1.082121,43.613207
"Crédit Mutuel","Coopérative","9 AVENUE D ALSACE ,  32000 ,  AUCH",0.591367,43.648587
"Crédit Mutuel","Coopérative","20 PLACE JEAN JAURES ,  82700 ,  MONTECH",1.232143,43.95784
"Crédit Mutuel","Coopérative","19 PLACE DU MARCADAL ,  65100 ,  LOURDES",-0.046139,43.095128
