"Banque","Type","Longitude","Latitude"
"bnp_paribas","lucrative",5.356076,45.963993
"bnp_paribas","lucrative",5.688138,45.757649
"bnp_paribas","lucrative",5.223954,46.204321
"bnp_paribas","lucrative",6.1425,46.351661
"bnp_paribas","lucrative",6.11269,46.259775
"bnp_paribas","lucrative",5.190653,45.902344
"bnp_paribas","lucrative",4.953903,45.824341
"bnp_paribas","lucrative",5.575885,46.170888
"bnp_paribas","lucrative",5.656217,46.257738
"bnp_paribas","lucrative",6.024667,46.242075
"bnp_paribas","lucrative",3.455195,49.985209
"bnp_paribas","lucrative",3.398819,49.04657
"bnp_paribas","lucrative",3.220844,49.61235
"bnp_paribas","lucrative",3.629606,49.900203
"bnp_paribas","lucrative",4.081462,49.924043
"bnp_paribas","lucrative",3.624172,49.568487
"bnp_paribas","lucrative",3.785421,50.016502
"bnp_paribas","lucrative",3.771126,49.739426
"bnp_paribas","lucrative",3.287153,49.848844
"bnp_paribas","lucrative",3.329224,49.37664
"bnp_paribas","lucrative",3.903938,49.833922
"bnp_paribas","lucrative",3.0914,49.253326
"bnp_paribas","lucrative",3.05866,46.58659
"bnp_paribas","lucrative",2.740721,46.291292
"bnp_paribas","lucrative",3.197731,46.101395
"bnp_paribas","lucrative",2.599998,46.348089
"bnp_paribas","lucrative",3.329922,46.564354
"bnp_paribas","lucrative",3.29097,46.308254
"bnp_paribas","lucrative",3.422593,46.125448
"bnp_paribas","lucrative",6.652767,44.387258
"bnp_paribas","lucrative",6.231964,44.091379
"bnp_paribas","lucrative",5.784168,43.830717
"bnp_paribas","lucrative",5.811356,43.844076
"bnp_paribas","lucrative",5.941946,44.196113
"bnp_paribas","lucrative",6.635211,44.896422
"bnp_paribas","lucrative",6.496948,44.565243
"bnp_paribas","lucrative",6.080624,44.558955
"bnp_paribas","lucrative",5.823454,44.314253
"bnp_paribas","lucrative",5.824382,44.534444
"bnp_paribas","lucrative",7.120591,43.581414
"bnp_paribas","lucrative",7.093696,43.594487
"bnp_paribas","lucrative",7.331034,43.707873
"bnp_paribas","lucrative",7.103062,43.624669
"bnp_paribas","lucrative",7.150569,43.663925
"bnp_paribas","lucrative",7.16517,43.658276
"bnp_paribas","lucrative",7.018319,43.552523
"bnp_paribas","lucrative",7.034827,43.549313
"bnp_paribas","lucrative",6.977743,43.550307
"bnp_paribas","lucrative",7.396487,43.723078
"bnp_paribas","lucrative",7.175498,43.766161
"bnp_paribas","lucrative",6.974455,43.677851
"bnp_paribas","lucrative",6.960109,43.6274
"bnp_paribas","lucrative",7.110839,43.569177
"bnp_paribas","lucrative",7.10382,43.686175
"bnp_paribas","lucrative",7.400379,43.745694
"bnp_paribas","lucrative",7.015773,43.567635
"bnp_paribas","lucrative",6.999883,43.573076
"bnp_paribas","lucrative",6.93719,43.543796
"bnp_paribas","lucrative",7.50209,43.774641
"bnp_paribas","lucrative",6.971364,43.619516
"bnp_paribas","lucrative",6.986713,43.602641
"bnp_paribas","lucrative",7.229908,43.686947
"bnp_paribas","lucrative",7.261473,43.714528
"bnp_paribas","lucrative",7.230306,43.680658
"bnp_paribas","lucrative",7.249593,43.693164
"bnp_paribas","lucrative",7.274829,43.7251
"bnp_paribas","lucrative",7.226503,43.686815
"bnp_paribas","lucrative",7.272346,43.699375
"bnp_paribas","lucrative",7.256319,43.69905
"bnp_paribas","lucrative",7.256142,43.707455
"bnp_paribas","lucrative",7.262601,43.708232
"bnp_paribas","lucrative",7.286167,43.69863
"bnp_paribas","lucrative",7.260302,43.695848
"bnp_paribas","lucrative",7.292962,43.71231
"bnp_paribas","lucrative",7.267487,43.700501
"bnp_paribas","lucrative",6.928871,43.593531
"bnp_paribas","lucrative",6.877251,43.640343
"bnp_paribas","lucrative",7.487228,43.765575
"bnp_paribas","lucrative",7.192524,43.667089
"bnp_paribas","lucrative",7.188239,43.667448
"bnp_paribas","lucrative",7.121361,43.699178
"bnp_paribas","lucrative",7.037913,43.621935
"bnp_paribas","lucrative",7.007934,43.642732
"bnp_paribas","lucrative",7.074102,43.567207
"bnp_paribas","lucrative",7.111475,43.722692
"bnp_paribas","lucrative",7.142219,43.641295
"bnp_paribas","lucrative",4.67279,45.240335
"bnp_paribas","lucrative",4.391049,44.619625
"bnp_paribas","lucrative",4.87706,44.934956
"bnp_paribas","lucrative",4.781362,44.800273
"bnp_paribas","lucrative",4.597965,44.734751
"bnp_paribas","lucrative",4.834404,45.066
"bnp_paribas","lucrative",4.719207,49.77039
"bnp_paribas","lucrative",4.365235,49.509595
"bnp_paribas","lucrative",4.945569,49.699258
"bnp_paribas","lucrative",1.604872,42.963691
"bnp_paribas","lucrative",1.848983,42.932921
"bnp_paribas","lucrative",1.619725,43.10491
"bnp_paribas","lucrative",4.70552,48.233012
"bnp_paribas","lucrative",4.374928,48.114433
"bnp_paribas","lucrative",3.500122,48.493548
"bnp_paribas","lucrative",4.098974,48.3144
"bnp_paribas","lucrative",3.726034,48.517312
"bnp_paribas","lucrative",4.05811,48.294103
"bnp_paribas","lucrative",4.072355,48.298254
"bnp_paribas","lucrative",4.076953,48.287954
"bnp_paribas","lucrative",4.074822,48.296521
"bnp_paribas","lucrative",2.352183,43.213518
"bnp_paribas","lucrative",2.305717,43.187114
"bnp_paribas","lucrative",1.952381,43.317936
"bnp_paribas","lucrative",2.759979,43.200981
"bnp_paribas","lucrative",2.216495,43.053677
"bnp_paribas","lucrative",3.001523,43.184654
"bnp_paribas","lucrative",3.042664,43.022722
"bnp_paribas","lucrative",2.184207,42.876842
"bnp_paribas","lucrative",2.255325,44.557687
"bnp_paribas","lucrative",2.761951,44.521039
"bnp_paribas","lucrative",3.077246,44.101098
"bnp_paribas","lucrative",2.560036,44.357156
"bnp_paribas","lucrative",2.571524,44.35097
"bnp_paribas","lucrative",2.885439,43.958526
"bnp_paribas","lucrative",2.037317,44.350796
"bnp_paribas","lucrative",5.444223,43.513287
"bnp_paribas","lucrative",5.409067,43.53503
"bnp_paribas","lucrative",5.408696,43.507465
"bnp_paribas","lucrative",5.446797,43.526279
"bnp_paribas","lucrative",5.450605,43.52922
"bnp_paribas","lucrative",5.474411,43.340799
"bnp_paribas","lucrative",4.627327,43.676241
"bnp_paribas","lucrative",4.731528,43.555953
"bnp_paribas","lucrative",5.567014,43.294628
"bnp_paribas","lucrative",5.58096,43.285968
"bnp_paribas","lucrative",5.634058,43.369794
"bnp_paribas","lucrative",5.410962,43.451629
"bnp_paribas","lucrative",5.151114,43.333457
"bnp_paribas","lucrative",5.539474,43.214672
"bnp_paribas","lucrative",4.853456,43.882869
"bnp_paribas","lucrative",4.944209,43.436497
"bnp_paribas","lucrative",5.469275,43.453698
"bnp_paribas","lucrative",4.988064,43.511724
"bnp_paribas","lucrative",5.606455,43.174364
"bnp_paribas","lucrative",5.612177,43.195298
"bnp_paribas","lucrative",5.600249,43.387292
"bnp_paribas","lucrative",5.263822,43.6516
"bnp_paribas","lucrative",5.400167,43.507322
"bnp_paribas","lucrative",5.260163,43.404666
"bnp_paribas","lucrative",5.379717,43.297268
"bnp_paribas","lucrative",5.378748,43.292874
"bnp_paribas","lucrative",5.36718,43.30575
"bnp_paribas","lucrative",5.368942,43.3024
"bnp_paribas","lucrative",5.387231,43.31213
"bnp_paribas","lucrative",5.401251,43.298749
"bnp_paribas","lucrative",5.391726,43.295411
"bnp_paribas","lucrative",5.383829,43.286381
"bnp_paribas","lucrative",5.367406,43.290132
"bnp_paribas","lucrative",5.393055,43.247423
"bnp_paribas","lucrative",5.38171,43.266046
"bnp_paribas","lucrative",5.384946,43.274416
"bnp_paribas","lucrative",5.390369,43.273474
"bnp_paribas","lucrative",5.394077,43.260429
"bnp_paribas","lucrative",5.422467,43.249547
"bnp_paribas","lucrative",5.408434,43.265982
"bnp_paribas","lucrative",5.415104,43.277588
"bnp_paribas","lucrative",5.498745,43.298388
"bnp_paribas","lucrative",5.435009,43.308195
"bnp_paribas","lucrative",5.417238,43.303783
"bnp_paribas","lucrative",5.454602,43.334441
"bnp_paribas","lucrative",5.35932,43.346243
"bnp_paribas","lucrative",5.056888,43.40236
"bnp_paribas","lucrative",5.463847,43.349769
"bnp_paribas","lucrative",4.802353,43.389187
"bnp_paribas","lucrative",5.229681,43.488299
"bnp_paribas","lucrative",5.607493,43.466109
"bnp_paribas","lucrative",5.749223,43.71728
"bnp_paribas","lucrative",4.829617,43.7883
"bnp_paribas","lucrative",5.096088,43.640948
"bnp_paribas","lucrative",5.687663,43.448345
"bnp_paribas","lucrative",5.483966,43.595879
"bnp_paribas","lucrative",5.249721,43.447345
"bnp_paribas","lucrative",-0.70735,49.279164
"bnp_paribas","lucrative",-0.363021,49.181144
"bnp_paribas","lucrative",-0.39496,49.180088
"bnp_paribas","lucrative",-0.364382,49.18523
"bnp_paribas","lucrative",-0.345102,49.166806
"bnp_paribas","lucrative",-0.39123,49.173961
"bnp_paribas","lucrative",-0.338857,49.1746
"bnp_paribas","lucrative",-0.457765,49.333678
"bnp_paribas","lucrative",0.074857,49.359736
"bnp_paribas","lucrative",-0.098766,49.286932
"bnp_paribas","lucrative",-0.373466,49.296849
"bnp_paribas","lucrative",0.226272,49.146039
"bnp_paribas","lucrative",4.887874,43.913989
"bnp_paribas","lucrative",-0.258845,49.286562
"bnp_paribas","lucrative",-0.889746,48.839675
"bnp_paribas","lucrative",2.444162,44.928629
"bnp_paribas","lucrative",3.084955,45.033319
"bnp_paribas","lucrative",0.155509,45.648807
"bnp_paribas","lucrative",-0.324895,45.693577
"bnp_paribas","lucrative",-0.174227,45.679292
"bnp_paribas","lucrative",0.193412,46.02889
"bnp_paribas","lucrative",1.374153,44.008867
"bnp_paribas","lucrative",-1.09159,46.076403
"bnp_paribas","lucrative",-0.43722,45.44443
"bnp_paribas","lucrative",-1.325182,46.188361
"bnp_paribas","lucrative",-1.153764,46.158343
"bnp_paribas","lucrative",-1.165945,46.159799
"bnp_paribas","lucrative",-1.149266,46.161472
"bnp_paribas","lucrative",-1.153211,46.148018
"bnp_paribas","lucrative",-1.141512,45.769089
"bnp_paribas","lucrative",-0.960213,45.935388
"bnp_paribas","lucrative",-1.029936,45.624498
"bnp_paribas","lucrative",-0.518337,45.94455
"bnp_paribas","lucrative",-1.306865,45.941294
"bnp_paribas","lucrative",-0.633763,45.747201
"bnp_paribas","lucrative",2.439531,47.488336
"bnp_paribas","lucrative",2.397003,47.082307
"bnp_paribas","lucrative",2.501123,46.723316
"bnp_paribas","lucrative",2.378133,47.108961
"bnp_paribas","lucrative",2.066658,47.222593
"bnp_paribas","lucrative",1.937699,45.09366
"bnp_paribas","lucrative",2.499592,45.400199
"bnp_paribas","lucrative",1.530991,45.159826
"bnp_paribas","lucrative",1.560742,45.169309
"bnp_paribas","lucrative",1.771071,45.266148
"bnp_paribas","lucrative",2.315075,45.553931
"bnp_paribas","lucrative",8.739646,41.918295
"bnp_paribas","lucrative",8.774276,41.952413
"bnp_paribas","lucrative",9.450884,42.701457
"bnp_paribas","lucrative",9.432965,42.623193
"bnp_paribas","lucrative",9.275534,41.595792
"bnp_paribas","lucrative",4.838401,47.022213
"bnp_paribas","lucrative",4.572432,47.859532
"bnp_paribas","lucrative",5.018303,47.296038
"bnp_paribas","lucrative",5.034684,47.323131
"bnp_paribas","lucrative",5.053752,47.3133
"bnp_paribas","lucrative",5.042318,47.321276
"bnp_paribas","lucrative",5.044321,47.327201
"bnp_paribas","lucrative",5.04504,47.345979
"bnp_paribas","lucrative",4.335875,47.621604
"bnp_paribas","lucrative",4.948048,47.13491
"bnp_paribas","lucrative",5.10121,47.30775
"bnp_paribas","lucrative",5.01101,47.337449
"bnp_paribas","lucrative",-2.048746,48.454057
"bnp_paribas","lucrative",-3.14941,48.560852
"bnp_paribas","lucrative",-2.516704,48.468936
"bnp_paribas","lucrative",-3.460878,48.731739
"bnp_paribas","lucrative",-2.754028,48.177929
"bnp_paribas","lucrative",-3.045132,48.779663
"bnp_paribas","lucrative",-3.444926,48.814449
"bnp_paribas","lucrative",-2.23345,48.522532
"bnp_paribas","lucrative",-2.76966,48.535324
"bnp_paribas","lucrative",-2.909717,48.40307
"bnp_paribas","lucrative",-2.759211,48.519952
"bnp_paribas","lucrative",-3.225279,48.787967
"bnp_paribas","lucrative",2.166895,45.954971
"bnp_paribas","lucrative",1.872378,46.168203
"bnp_paribas","lucrative",1.486175,46.236684
"bnp_paribas","lucrative",0.485892,44.852401
"bnp_paribas","lucrative",0.927212,44.918158
"bnp_paribas","lucrative",0.147817,45.008142
"bnp_paribas","lucrative",0.718929,45.184789
"bnp_paribas","lucrative",0.339815,45.247492
"bnp_paribas","lucrative",1.215919,44.889524
"bnp_paribas","lucrative",0.920195,45.413929
"bnp_paribas","lucrative",6.83954,47.483456
"bnp_paribas","lucrative",6.02642,47.236
"bnp_paribas","lucrative",6.02289,47.2385
"bnp_paribas","lucrative",6.04883,47.2612
"bnp_paribas","lucrative",5.98691,47.2402
"bnp_paribas","lucrative",6.79972,47.510129
"bnp_paribas","lucrative",6.606516,47.05554
"bnp_paribas","lucrative",6.352309,46.90365
"bnp_paribas","lucrative",4.894574,44.942679
"bnp_paribas","lucrative",5.020214,44.728638
"bnp_paribas","lucrative",4.749057,44.557281
"bnp_paribas","lucrative",4.750516,44.534019
"bnp_paribas","lucrative",5.135417,44.360342
"bnp_paribas","lucrative",4.699408,44.377257
"bnp_paribas","lucrative",4.877778,44.874526
"bnp_paribas","lucrative",5.050556,45.045962
"bnp_paribas","lucrative",4.766761,44.347616
"bnp_paribas","lucrative",4.891717,44.930686
"bnp_paribas","lucrative",0.59454,49.089096
"bnp_paribas","lucrative",0.816007,49.354881
"bnp_paribas","lucrative",1.611666,49.305
"bnp_paribas","lucrative",1.150158,49.026237
"bnp_paribas","lucrative",1.33397,49.159973
"bnp_paribas","lucrative",1.779592,49.280935
"bnp_paribas","lucrative",1.459254,48.883223
"bnp_paribas","lucrative",0.901915,49.148878
"bnp_paribas","lucrative",1.417529,49.246532
"bnp_paribas","lucrative",1.170484,49.212058
"bnp_paribas","lucrative",1.197535,48.771266
"bnp_paribas","lucrative",1.38157,49.01431
"bnp_paribas","lucrative",0.516224,49.357491
"bnp_paribas","lucrative",0.928568,48.738909
"bnp_paribas","lucrative",1.484048,49.090905
"bnp_paribas","lucrative",1.484077,48.443668
"bnp_paribas","lucrative",1.330667,48.070512
"bnp_paribas","lucrative",1.366178,48.736194
"bnp_paribas","lucrative",1.677081,48.609188
"bnp_paribas","lucrative",0.82243,48.322633
"bnp_paribas","lucrative",-4.489016,48.385812
"bnp_paribas","lucrative",-4.509125,48.403954
"bnp_paribas","lucrative",-4.482064,48.392495
"bnp_paribas","lucrative",-3.57132,48.276354
"bnp_paribas","lucrative",-4.093814,48.195704
"bnp_paribas","lucrative",-3.917794,47.870845
"bnp_paribas","lucrative",-4.489979,48.246344
"bnp_paribas","lucrative",-4.329475,48.093784
"bnp_paribas","lucrative",-4.011689,47.894677
"bnp_paribas","lucrative",-4.248777,48.450979
"bnp_paribas","lucrative",-4.068995,48.510744
"bnp_paribas","lucrative",-3.826461,48.577296
"bnp_paribas","lucrative",-4.369,48.374264
"bnp_paribas","lucrative",-4.222935,47.864528
"bnp_paribas","lucrative",-4.105443,47.994391
"bnp_paribas","lucrative",-3.549658,47.872549
"bnp_paribas","lucrative",-3.986378,48.684348
"bnp_paribas","lucrative",4.191645,43.568081
"bnp_paribas","lucrative",4.07984,44.122635
"bnp_paribas","lucrative",4.09583,44.109325
"bnp_paribas","lucrative",4.619974,44.165288
"bnp_paribas","lucrative",4.647161,43.80533
"bnp_paribas","lucrative",4.268742,43.822045
"bnp_paribas","lucrative",4.135978,43.536458
"bnp_paribas","lucrative",4.759633,43.95882
"bnp_paribas","lucrative",4.356022,43.837165
"bnp_paribas","lucrative",4.353065,43.8292
"bnp_paribas","lucrative",4.363462,43.822721
"bnp_paribas","lucrative",4.345325,43.837796
"bnp_paribas","lucrative",4.079288,43.780668
"bnp_paribas","lucrative",4.417713,44.011281
"bnp_paribas","lucrative",1.469336,43.353007
"bnp_paribas","lucrative",0.591804,42.789517
"bnp_paribas","lucrative",1.49581,43.60988
"bnp_paribas","lucrative",1.39743,43.634455
"bnp_paribas","lucrative",1.415207,43.729346
"bnp_paribas","lucrative",1.498204,43.516788
"bnp_paribas","lucrative",1.339324,43.607973
"bnp_paribas","lucrative",1.306285,43.660363
"bnp_paribas","lucrative",1.344395,43.537202
"bnp_paribas","lucrative",1.230004,43.535988
"bnp_paribas","lucrative",1.388734,43.840751
"bnp_paribas","lucrative",1.294372,43.770636
"bnp_paribas","lucrative",1.472353,43.644874
"bnp_paribas","lucrative",1.523306,43.540723
"bnp_paribas","lucrative",1.3258,43.460728
"bnp_paribas","lucrative",1.283509,43.617908
"bnp_paribas","lucrative",1.295102,43.564953
"bnp_paribas","lucrative",1.407599,43.53222
"bnp_paribas","lucrative",1.526412,43.585592
"bnp_paribas","lucrative",2.00379,43.459214
"bnp_paribas","lucrative",1.42307,43.679062
"bnp_paribas","lucrative",0.723405,43.108249
"bnp_paribas","lucrative",1.505709,43.665208
"bnp_paribas","lucrative",1.532795,43.553522
"bnp_paribas","lucrative",1.468294,43.553634
"bnp_paribas","lucrative",1.419005,43.595572
"bnp_paribas","lucrative",1.434351,43.626916
"bnp_paribas","lucrative",1.455575,43.618302
"bnp_paribas","lucrative",1.46298,43.600696
"bnp_paribas","lucrative",1.433223,43.609667
"bnp_paribas","lucrative",1.424961,43.581215
"bnp_paribas","lucrative",1.443063,43.600145
"bnp_paribas","lucrative",1.451608,43.601077
"bnp_paribas","lucrative",1.448201,43.606466
"bnp_paribas","lucrative",1.444903,43.592189
"bnp_paribas","lucrative",1.483201,43.579432
"bnp_paribas","lucrative",1.448924,43.581225
"bnp_paribas","lucrative",1.431382,43.598204
"bnp_paribas","lucrative",1.347022,43.584309
"bnp_paribas","lucrative",1.715305,43.400105
"bnp_paribas","lucrative",0.5928,43.648337
"bnp_paribas","lucrative",0.373025,43.957664
"bnp_paribas","lucrative",0.100052,43.859698
"bnp_paribas","lucrative",0.663687,43.849157
"bnp_paribas","lucrative",1.082137,43.612342
"bnp_paribas","lucrative",0.404527,43.514396
"bnp_paribas","lucrative",0.303284,43.758269
"bnp_paribas","lucrative",-0.487789,44.925202
"bnp_paribas","lucrative",-1.096539,44.741071
"bnp_paribas","lucrative",-1.170794,44.661043
"bnp_paribas","lucrative",-0.213597,44.43128
"bnp_paribas","lucrative",-0.546175,44.808068
"bnp_paribas","lucrative",-0.964064,44.634846
"bnp_paribas","lucrative",-0.636282,44.912538
"bnp_paribas","lucrative",-0.661675,45.129359
"bnp_paribas","lucrative",-0.557673,44.863262
"bnp_paribas","lucrative",-0.565047,44.813379
"bnp_paribas","lucrative",-0.574227,44.83605
"bnp_paribas","lucrative",-0.575283,44.82788
"bnp_paribas","lucrative",-0.614618,44.852318
"bnp_paribas","lucrative",-0.580885,44.835671
"bnp_paribas","lucrative",-0.567911,44.835827
"bnp_paribas","lucrative",-0.575236,44.842997
"bnp_paribas","lucrative",-0.573516,44.851909
"bnp_paribas","lucrative",-0.603671,44.830506
"bnp_paribas","lucrative",-0.58264,44.821326
"bnp_paribas","lucrative",-0.577521,44.850803
"bnp_paribas","lucrative",-0.593145,44.853514
"bnp_paribas","lucrative",0.156527,49.523876
"bnp_paribas","lucrative",-0.319564,44.637202
"bnp_paribas","lucrative",-0.798362,45.026711
"bnp_paribas","lucrative",-0.536569,44.854272
"bnp_paribas","lucrative",-0.519757,44.855907
"bnp_paribas","lucrative",-0.685992,44.741222
"bnp_paribas","lucrative",-0.129748,45.040425
"bnp_paribas","lucrative",-0.348961,44.774689
"bnp_paribas","lucrative",-0.65097,44.885176
"bnp_paribas","lucrative",-0.614876,44.771664
"bnp_paribas","lucrative",-1.076264,44.636156
"bnp_paribas","lucrative",-1.152245,44.538086
"bnp_paribas","lucrative",-0.246081,44.552808
"bnp_paribas","lucrative",-0.496755,44.785147
"bnp_paribas","lucrative",-0.599397,44.86494
"bnp_paribas","lucrative",-0.671343,44.869707
"bnp_paribas","lucrative",-0.600827,44.72865
"bnp_paribas","lucrative",-0.940926,45.307956
"bnp_paribas","lucrative",-0.243954,44.915604
"bnp_paribas","lucrative",-0.223602,44.90393
"bnp_paribas","lucrative",-0.533777,44.877431
"bnp_paribas","lucrative",-0.775229,44.841048
"bnp_paribas","lucrative",-0.647085,44.84173
"bnp_paribas","lucrative",-0.64441,44.851416
"bnp_paribas","lucrative",-0.665356,44.828857
"bnp_paribas","lucrative",-0.748985,45.198663
"bnp_paribas","lucrative",-0.632321,44.806004
"bnp_paribas","lucrative",-0.668979,44.794814
"bnp_paribas","lucrative",-0.443423,44.994498
"bnp_paribas","lucrative",-0.717481,44.89492
"bnp_paribas","lucrative",-0.717481,44.89492
"bnp_paribas","lucrative",0.217989,44.842049
"bnp_paribas","lucrative",-0.866953,44.551448
"bnp_paribas","lucrative",-1.126598,45.515571
"bnp_paribas","lucrative",-0.592107,44.812062
"bnp_paribas","lucrative",-0.567162,44.782082
"bnp_paribas","lucrative",3.481604,43.305847
"bnp_paribas","lucrative",3.684392,43.454841
"bnp_paribas","lucrative",3.216605,43.342562
"bnp_paribas","lucrative",3.24438,43.348084
"bnp_paribas","lucrative",3.915803,43.632933
"bnp_paribas","lucrative",3.436812,43.623299
"bnp_paribas","lucrative",3.757373,43.44553
"bnp_paribas","lucrative",3.708777,43.934584
"bnp_paribas","lucrative",3.90419,43.65917
"bnp_paribas","lucrative",3.806817,43.611865
"bnp_paribas","lucrative",4.090625,43.557525
"bnp_paribas","lucrative",3.909461,43.571788
"bnp_paribas","lucrative",4.132265,43.67605
"bnp_paribas","lucrative",4.010794,43.617468
"bnp_paribas","lucrative",3.611324,43.431208
"bnp_paribas","lucrative",3.874935,43.609471
"bnp_paribas","lucrative",3.861616,43.610028
"bnp_paribas","lucrative",3.879759,43.606739
"bnp_paribas","lucrative",3.848044,43.615867
"bnp_paribas","lucrative",3.898473,43.601524
"bnp_paribas","lucrative",3.868322,43.622378
"bnp_paribas","lucrative",3.877613,43.606443
"bnp_paribas","lucrative",3.94228,43.571015
"bnp_paribas","lucrative",3.843547,43.683188
"bnp_paribas","lucrative",3.817024,43.675625
"bnp_paribas","lucrative",3.829053,43.575819
"bnp_paribas","lucrative",3.28424,43.272529
"bnp_paribas","lucrative",3.695295,43.404959
"bnp_paribas","lucrative",-1.683549,47.842833
"bnp_paribas","lucrative",-1.747516,48.024328
"bnp_paribas","lucrative",-1.759544,48.030057
"bnp_paribas","lucrative",-1.612424,48.118107
"bnp_paribas","lucrative",-1.620659,48.088939
"bnp_paribas","lucrative",-1.751076,48.408969
"bnp_paribas","lucrative",-2.057171,48.633391
"bnp_paribas","lucrative",-1.753533,48.550109
"bnp_paribas","lucrative",-1.199428,48.35376
"bnp_paribas","lucrative",-1.231226,47.942052
"bnp_paribas","lucrative",-1.504987,48.214538
"bnp_paribas","lucrative",-1.953616,48.138082
"bnp_paribas","lucrative",-1.849678,48.072307
"bnp_paribas","lucrative",-2.086514,47.649691
"bnp_paribas","lucrative",-1.679494,48.082558
"bnp_paribas","lucrative",-1.658167,48.097312
"bnp_paribas","lucrative",-1.677946,48.106545
"bnp_paribas","lucrative",-1.679354,48.110874
"bnp_paribas","lucrative",-1.682413,48.110247
"bnp_paribas","lucrative",-1.681616,48.11311
"bnp_paribas","lucrative",-1.708825,48.121221
"bnp_paribas","lucrative",-1.643247,48.090173
"bnp_paribas","lucrative",-1.722073,48.177518
"bnp_paribas","lucrative",-1.684038,48.153709
"bnp_paribas","lucrative",-2.006064,48.648555
"bnp_paribas","lucrative",-2.015816,48.637206
"bnp_paribas","lucrative",-2.192766,48.189661
"bnp_paribas","lucrative",-1.603503,48.044993
"bnp_paribas","lucrative",-1.212021,48.123447
"bnp_paribas","lucrative",1.830106,46.434173
"bnp_paribas","lucrative",1.518705,46.588204
"bnp_paribas","lucrative",1.692922,46.811934
"bnp_paribas","lucrative",1.990869,46.948402
"bnp_paribas","lucrative",1.987564,46.581976
"bnp_paribas","lucrative",1.063248,46.632953
"bnp_paribas","lucrative",0.983476,47.41208
"bnp_paribas","lucrative",0.167726,47.281779
"bnp_paribas","lucrative",0.698662,46.973929
"bnp_paribas","lucrative",0.596775,47.401023
"bnp_paribas","lucrative",0.664466,47.350901
"bnp_paribas","lucrative",0.996451,47.129122
"bnp_paribas","lucrative",0.71538,47.287889
"bnp_paribas","lucrative",0.726771,47.367458
"bnp_paribas","lucrative",0.667338,47.403932
"bnp_paribas","lucrative",0.688458,47.391357
"bnp_paribas","lucrative",0.681066,47.392741
"bnp_paribas","lucrative",0.685308,47.412561
"bnp_paribas","lucrative",5.277526,45.58522
"bnp_paribas","lucrative",5.892523,45.271957
"bnp_paribas","lucrative",5.837774,45.202468
"bnp_paribas","lucrative",5.717686,45.149195
"bnp_paribas","lucrative",5.6845,45.188114
"bnp_paribas","lucrative",5.7029,45.203942
"bnp_paribas","lucrative",5.71264,45.190132
"bnp_paribas","lucrative",5.735582,45.196084
"bnp_paribas","lucrative",5.729463,45.190652
"bnp_paribas","lucrative",5.733078,45.18378
"bnp_paribas","lucrative",5.724478,45.188103
"bnp_paribas","lucrative",5.787219,44.906784
"bnp_paribas","lucrative",5.445075,45.564543
"bnp_paribas","lucrative",6.029882,45.054456
"bnp_paribas","lucrative",4.797127,45.372687
"bnp_paribas","lucrative",5.698378,45.123043
"bnp_paribas","lucrative",5.562994,45.635574
"bnp_paribas","lucrative",5.757486,45.206282
"bnp_paribas","lucrative",5.468876,45.677554
"bnp_paribas","lucrative",5.172451,45.750484
"bnp_paribas","lucrative",6.021383,45.431438
"bnp_paribas","lucrative",5.503721,45.349292
"bnp_paribas","lucrative",5.677905,45.234246
"bnp_paribas","lucrative",5.827734,45.242827
"bnp_paribas","lucrative",5.321158,45.154046
"bnp_paribas","lucrative",5.773494,45.183041
"bnp_paribas","lucrative",5.483782,45.298252
"bnp_paribas","lucrative",4.875034,45.524412
"bnp_paribas","lucrative",5.675769,45.051701
"bnp_paribas","lucrative",5.152138,45.618311
"bnp_paribas","lucrative",5.772371,45.075721
"bnp_paribas","lucrative",5.59088,45.36535
"bnp_paribas","lucrative",5.636177,45.298077
"bnp_paribas","lucrative",5.493158,47.092453
"bnp_paribas","lucrative",6.060483,46.484068
"bnp_paribas","lucrative",5.551317,46.673399
"bnp_paribas","lucrative",5.863464,46.391327
"bnp_paribas","lucrative",-0.262326,43.702072
"bnp_paribas","lucrative",-1.164693,44.394686
"bnp_paribas","lucrative",-1.425655,43.640644
"bnp_paribas","lucrative",-1.053754,43.711234
"bnp_paribas","lucrative",-0.923101,44.213227
"bnp_paribas","lucrative",-1.229788,44.201651
"bnp_paribas","lucrative",-0.500756,43.888265
"bnp_paribas","lucrative",-1.065737,44.349491
"bnp_paribas","lucrative",-1.386817,43.541493
"bnp_paribas","lucrative",-1.301123,43.660906
"bnp_paribas","lucrative",-1.415504,43.656973
"bnp_paribas","lucrative",-1.327282,43.755237
"bnp_paribas","lucrative",-1.461442,43.540702
"bnp_paribas","lucrative",1.333659,47.587523
"bnp_paribas","lucrative",2.025359,47.602923
"bnp_paribas","lucrative",1.185122,47.342914
"bnp_paribas","lucrative",1.744644,47.359464
"bnp_paribas","lucrative",1.376486,47.268795
"bnp_paribas","lucrative",1.368737,47.566221
"bnp_paribas","lucrative",1.066019,47.791879
"bnp_paribas","lucrative",4.257239,45.524278
"bnp_paribas","lucrative",4.173254,46.15753
"bnp_paribas","lucrative",4.224428,45.743639
"bnp_paribas","lucrative",4.287777,45.388791
"bnp_paribas","lucrative",4.433972,45.480492
"bnp_paribas","lucrative",4.315175,45.395516
"bnp_paribas","lucrative",4.084848,46.028302
"bnp_paribas","lucrative",4.062986,45.606879
"bnp_paribas","lucrative",4.613701,45.528696
"bnp_paribas","lucrative",4.071453,46.035607
"bnp_paribas","lucrative",4.322864,45.434656
"bnp_paribas","lucrative",4.511019,45.476634
"bnp_paribas","lucrative",4.393426,45.416637
"bnp_paribas","lucrative",4.400837,45.442893
"bnp_paribas","lucrative",4.405166,45.426464
"bnp_paribas","lucrative",4.387803,45.439845
"bnp_paribas","lucrative",4.378415,45.465429
"bnp_paribas","lucrative",4.27732,45.562067
"bnp_paribas","lucrative",3.382402,45.292294
"bnp_paribas","lucrative",3.887276,45.041917
"bnp_paribas","lucrative",4.171986,45.291736
"bnp_paribas","lucrative",-1.179027,47.371757
"bnp_paribas","lucrative",-1.764824,47.474912
"bnp_paribas","lucrative",-1.495044,47.297492
"bnp_paribas","lucrative",-1.375563,47.718152
"bnp_paribas","lucrative",-1.283804,47.085914
"bnp_paribas","lucrative",-2.426479,47.327097
"bnp_paribas","lucrative",-2.391148,47.286517
"bnp_paribas","lucrative",-1.550982,47.298997
"bnp_paribas","lucrative",-1.561431,47.216131
"bnp_paribas","lucrative",-1.555508,47.214638
"bnp_paribas","lucrative",-1.546975,47.210763
"bnp_paribas","lucrative",-1.552187,47.216975
"bnp_paribas","lucrative",-1.537176,47.215032
"bnp_paribas","lucrative",-1.571123,47.224433
"bnp_paribas","lucrative",-1.570264,47.209834
"bnp_paribas","lucrative",-1.558267,47.214172
"bnp_paribas","lucrative",-1.53768,47.231886
"bnp_paribas","lucrative",-1.576291,47.23237
"bnp_paribas","lucrative",-1.585493,47.214162
"bnp_paribas","lucrative",-1.518172,47.258608
"bnp_paribas","lucrative",-1.497671,47.440655
"bnp_paribas","lucrative",-1.577315,47.248769
"bnp_paribas","lucrative",-2.102062,47.115898
"bnp_paribas","lucrative",-2.342869,47.268925
"bnp_paribas","lucrative",-1.550059,47.190732
"bnp_paribas","lucrative",-2.164587,47.246778
"bnp_paribas","lucrative",-1.653583,47.212033
"bnp_paribas","lucrative",-2.21265,47.274256
"bnp_paribas","lucrative",-1.50516,47.206895
"bnp_paribas","lucrative",-1.487385,47.25012
"bnp_paribas","lucrative",-1.47374,47.168132
"bnp_paribas","lucrative",1.628265,47.778045
"bnp_paribas","lucrative",1.920373,47.928611
"bnp_paribas","lucrative",2.632783,47.684103
"bnp_paribas","lucrative",2.415754,48.296511
"bnp_paribas","lucrative",2.733047,47.99643
"bnp_paribas","lucrative",1.902043,47.864854
"bnp_paribas","lucrative",1.903119,47.902646
"bnp_paribas","lucrative",1.889678,47.904286
"bnp_paribas","lucrative",1.898819,47.918223
"bnp_paribas","lucrative",2.254303,48.171282
"bnp_paribas","lucrative",2.471309,48.204687
"bnp_paribas","lucrative",1.969403,47.911246
"bnp_paribas","lucrative",1.875119,47.913071
"bnp_paribas","lucrative",2.373514,47.765823
"bnp_paribas","lucrative",2.711406,47.990764
"bnp_paribas","lucrative",1.84608,44.927763
"bnp_paribas","lucrative",1.440259,44.450663
"bnp_paribas","lucrative",2.03162,44.608772
"bnp_paribas","lucrative",1.384274,44.737456
"bnp_paribas","lucrative",0.624256,44.205371
"bnp_paribas","lucrative",0.619168,44.205123
"bnp_paribas","lucrative",0.643863,44.166016
"bnp_paribas","lucrative",0.084422,44.314176
"bnp_paribas","lucrative",0.605039,44.192156
"bnp_paribas","lucrative",0.168187,44.500762
"bnp_paribas","lucrative",0.969113,44.480551
"bnp_paribas","lucrative",0.337417,44.134655
"bnp_paribas","lucrative",0.311032,44.388108
"bnp_paribas","lucrative",0.707455,44.408572
"bnp_paribas","lucrative",3.500584,44.516776
"bnp_paribas","lucrative",-0.551486,47.467401
"bnp_paribas","lucrative",-0.615165,47.46017
"bnp_paribas","lucrative",-0.553348,47.470686
"bnp_paribas","lucrative",-0.615165,47.46017
"bnp_paribas","lucrative",-0.560002,47.448999
"bnp_paribas","lucrative",-0.589637,47.506795
"bnp_paribas","lucrative",-0.104826,47.542833
"bnp_paribas","lucrative",-0.761653,47.352351
"bnp_paribas","lucrative",-0.876987,47.062559
"bnp_paribas","lucrative",-0.276685,47.194198
"bnp_paribas","lucrative",-0.493293,47.468142
"bnp_paribas","lucrative",-1.026155,47.270636
"bnp_paribas","lucrative",-0.076922,47.259024
"bnp_paribas","lucrative",-0.870971,47.684625
"bnp_paribas","lucrative",-1.361281,48.686739
"bnp_paribas","lucrative",-1.624123,49.638051
"bnp_paribas","lucrative",-1.445046,49.046786
"bnp_paribas","lucrative",-1.591543,48.837597
"bnp_paribas","lucrative",-1.090606,49.114802
"bnp_paribas","lucrative",-1.445046,49.046786
"bnp_paribas","lucrative",4.360334,48.956159
"bnp_paribas","lucrative",4.050704,49.217265
"bnp_paribas","lucrative",3.957373,49.043882
"bnp_paribas","lucrative",4.023496,49.268402
"bnp_paribas","lucrative",4.033105,49.255225
"bnp_paribas","lucrative",4.037994,49.247997
"bnp_paribas","lucrative",4.041432,49.25824
"bnp_paribas","lucrative",4.01622,49.248751
"bnp_paribas","lucrative",3.991142,49.250794
"bnp_paribas","lucrative",4.584509,48.725623
"bnp_paribas","lucrative",5.748504,47.952892
"bnp_paribas","lucrative",5.135895,48.111086
"bnp_paribas","lucrative",5.14184,48.442595
"bnp_paribas","lucrative",4.946134,48.637402
"bnp_paribas","lucrative",-0.708051,47.826713
"bnp_paribas","lucrative",-0.772797,48.072747
"bnp_paribas","lucrative",-0.620283,48.303661
"bnp_paribas","lucrative",5.940684,49.248163
"bnp_paribas","lucrative",6.168989,48.73416
"bnp_paribas","lucrative",6.156511,48.677381
"bnp_paribas","lucrative",5.764531,49.523415
"bnp_paribas","lucrative",6.495439,48.590708
"bnp_paribas","lucrative",6.16541,48.688177
"bnp_paribas","lucrative",6.193476,48.681119
"bnp_paribas","lucrative",6.178482,48.6896
"bnp_paribas","lucrative",6.17811,48.700627
"bnp_paribas","lucrative",6.104509,48.61516
"bnp_paribas","lucrative",6.055607,48.903156
"bnp_paribas","lucrative",6.205474,48.699972
"bnp_paribas","lucrative",5.891266,48.67469
"bnp_paribas","lucrative",6.167958,48.667414
"bnp_paribas","lucrative",5.159671,48.77313
"bnp_paribas","lucrative",5.384375,49.159881
"bnp_paribas","lucrative",-2.989989,47.670002
"bnp_paribas","lucrative",-2.131124,47.943602
"bnp_paribas","lucrative",-3.276346,47.805405
"bnp_paribas","lucrative",-3.383891,47.707695
"bnp_paribas","lucrative",-3.360134,47.747232
"bnp_paribas","lucrative",-3.390679,47.758158
"bnp_paribas","lucrative",-3.428946,47.735654
"bnp_paribas","lucrative",-2.399498,47.932953
"bnp_paribas","lucrative",-2.963566,48.068266
"bnp_paribas","lucrative",-3.122716,47.479495
"bnp_paribas","lucrative",-2.735661,47.689124
"bnp_paribas","lucrative",-2.769181,47.524361
"bnp_paribas","lucrative",-2.730925,47.652401
"bnp_paribas","lucrative",-2.760001,47.655642
"bnp_paribas","lucrative",-2.775773,47.659358
"bnp_paribas","lucrative",5.955133,49.469342
"bnp_paribas","lucrative",6.693207,49.202198
"bnp_paribas","lucrative",6.901392,49.187097
"bnp_paribas","lucrative",6.167368,49.251475
"bnp_paribas","lucrative",6.063157,49.330319
"bnp_paribas","lucrative",6.17301,49.111382
"bnp_paribas","lucrative",6.21175,49.103786
"bnp_paribas","lucrative",6.151109,49.099519
"bnp_paribas","lucrative",6.092449,49.251421
"bnp_paribas","lucrative",6.708395,49.105042
"bnp_paribas","lucrative",7.052043,48.736382
"bnp_paribas","lucrative",7.067706,49.10978
"bnp_paribas","lucrative",6.16399,49.358896
"bnp_paribas","lucrative",6.185729,49.357888
"bnp_paribas","lucrative",3.521112,47.459662
"bnp_paribas","lucrative",3.679661,47.254526
"bnp_paribas","lucrative",2.925664,47.409211
"bnp_paribas","lucrative",3.463967,46.828913
"bnp_paribas","lucrative",3.01703,47.177235
"bnp_paribas","lucrative",3.157983,46.990413
"bnp_paribas","lucrative",2.933187,50.530094
"bnp_paribas","lucrative",3.504178,50.370172
"bnp_paribas","lucrative",2.880536,50.684365
"bnp_paribas","lucrative",3.528831,50.329953
"bnp_paribas","lucrative",3.837224,50.199134
"bnp_paribas","lucrative",3.930012,50.121773
"bnp_paribas","lucrative",2.732698,50.738801
"bnp_paribas","lucrative",3.093857,50.701308
"bnp_paribas","lucrative",2.518223,51.07018
"bnp_paribas","lucrative",3.23738,50.175685
"bnp_paribas","lucrative",3.407635,50.122419
"bnp_paribas","lucrative",3.007632,50.764979
"bnp_paribas","lucrative",3.146218,50.674159
"bnp_paribas","lucrative",3.215309,50.568019
"bnp_paribas","lucrative",3.391905,50.326641
"bnp_paribas","lucrative",3.082098,50.368686
"bnp_paribas","lucrative",3.065047,50.376738
"bnp_paribas","lucrative",2.379178,51.034373
"bnp_paribas","lucrative",2.394978,51.047079
"bnp_paribas","lucrative",2.327051,51.019088
"bnp_paribas","lucrative",2.721562,50.644893
"bnp_paribas","lucrative",4.0443,50.015873
"bnp_paribas","lucrative",3.577278,50.432601
"bnp_paribas","lucrative",2.125576,50.986166
"bnp_paribas","lucrative",3.126438,50.783548
"bnp_paribas","lucrative",3.918584,50.251339
"bnp_paribas","lucrative",2.535994,50.721256
"bnp_paribas","lucrative",4.091988,50.295794
"bnp_paribas","lucrative",2.802159,50.530119
"bnp_paribas","lucrative",3.073006,50.652636
"bnp_paribas","lucrative",3.022762,50.638418
"bnp_paribas","lucrative",3.210828,50.667124
"bnp_paribas","lucrative",3.063201,50.636536
"bnp_paribas","lucrative",3.089385,50.64277
"bnp_paribas","lucrative",3.043605,50.629118
"bnp_paribas","lucrative",3.067209,50.624527
"bnp_paribas","lucrative",3.013291,50.614509
"bnp_paribas","lucrative",3.102264,50.665193
"bnp_paribas","lucrative",3.970086,50.277145
"bnp_paribas","lucrative",3.136163,50.700557
"bnp_paribas","lucrative",3.242281,50.473775
"bnp_paribas","lucrative",3.66736,50.402424
"bnp_paribas","lucrative",3.482477,50.391823
"bnp_paribas","lucrative",3.076195,50.608098
"bnp_paribas","lucrative",3.175382,50.691396
"bnp_paribas","lucrative",3.427628,50.448012
"bnp_paribas","lucrative",3.050012,50.662486
"bnp_paribas","lucrative",3.031089,50.551132
"bnp_paribas","lucrative",3.49529,50.18471
"bnp_paribas","lucrative",3.281185,50.359707
"bnp_paribas","lucrative",3.526357,50.358617
"bnp_paribas","lucrative",3.15114,50.626455
"bnp_paribas","lucrative",3.13203,50.630851
"bnp_paribas","lucrative",3.128589,50.669705
"bnp_paribas","lucrative",3.215055,50.701103
"bnp_paribas","lucrative",2.079615,49.430095
"bnp_paribas","lucrative",2.294963,49.63337
"bnp_paribas","lucrative",2.243969,49.166387
"bnp_paribas","lucrative",2.464803,49.192793
"bnp_paribas","lucrative",2.415081,49.377476
"bnp_paribas","lucrative",2.827157,49.416451
"bnp_paribas","lucrative",2.473289,49.262978
"bnp_paribas","lucrative",2.88795,49.237082
"bnp_paribas","lucrative",1.940178,49.665014
"bnp_paribas","lucrative",2.461667,49.328065
"bnp_paribas","lucrative",2.819127,49.424438
"bnp_paribas","lucrative",2.133831,49.236184
"bnp_paribas","lucrative",2.320075,49.319538
"bnp_paribas","lucrative",2.19977,49.329721
"bnp_paribas","lucrative",3.000248,49.580825
"bnp_paribas","lucrative",2.606343,49.301174
"bnp_paribas","lucrative",2.418032,49.216677
"bnp_paribas","lucrative",2.588169,49.205678
"bnp_paribas","lucrative",0.089164,48.431302
"bnp_paribas","lucrative",-0.019967,48.744232
"bnp_paribas","lucrative",-0.567661,48.750882
"bnp_paribas","lucrative",0.629198,48.764077
"bnp_paribas","lucrative",0.54664,48.521434
"bnp_paribas","lucrative",2.781811,50.277809
"bnp_paribas","lucrative",2.394934,50.638597
"bnp_paribas","lucrative",2.299258,50.732176
"bnp_paribas","lucrative",2.774003,50.289754
"bnp_paribas","lucrative",2.08,50.878479
"bnp_paribas","lucrative",1.564029,50.405873
"bnp_paribas","lucrative",2.638382,50.531056
"bnp_paribas","lucrative",1.605059,50.723203
"bnp_paribas","lucrative",2.545892,50.480763
"bnp_paribas","lucrative",1.85406,50.950843
"bnp_paribas","lucrative",2.956102,50.491326
"bnp_paribas","lucrative",1.833067,50.668091
"bnp_paribas","lucrative",1.639274,50.514003
"bnp_paribas","lucrative",2.948216,50.421574
"bnp_paribas","lucrative",2.038852,50.373845
"bnp_paribas","lucrative",1.575292,50.707505
"bnp_paribas","lucrative",1.584444,50.524081
"bnp_paribas","lucrative",2.781342,50.422084
"bnp_paribas","lucrative",2.481607,50.561529
"bnp_paribas","lucrative",1.703879,50.813963
"bnp_paribas","lucrative",1.760925,50.464152
"bnp_paribas","lucrative",2.665385,50.477355
"bnp_paribas","lucrative",2.252063,50.748493
"bnp_paribas","lucrative",1.611536,50.768703
"bnp_paribas","lucrative",3.112711,45.749762
"bnp_paribas","lucrative",3.067863,45.776215
"bnp_paribas","lucrative",3.082569,45.776779
"bnp_paribas","lucrative",3.084248,45.787245
"bnp_paribas","lucrative",3.095949,45.766891
"bnp_paribas","lucrative",3.0846,45.758836
"bnp_paribas","lucrative",3.192137,45.733255
"bnp_paribas","lucrative",3.247147,45.544757
"bnp_paribas","lucrative",3.116671,45.893905
"bnp_paribas","lucrative",2.833018,46.163562
"bnp_paribas","lucrative",3.53311,45.847572
"bnp_paribas","lucrative",-1.529941,43.494859
"bnp_paribas","lucrative",-1.509048,43.481176
"bnp_paribas","lucrative",-1.474558,43.492171
"bnp_paribas","lucrative",-1.469673,43.495048
"bnp_paribas","lucrative",-1.558906,43.482257
"bnp_paribas","lucrative",-1.584253,43.444593
"bnp_paribas","lucrative",-0.396306,43.302418
"bnp_paribas","lucrative",-1.403655,43.362727
"bnp_paribas","lucrative",-1.774291,43.356485
"bnp_paribas","lucrative",-0.629826,43.371343
"bnp_paribas","lucrative",-0.262494,43.179707
"bnp_paribas","lucrative",-0.609597,43.192488
"bnp_paribas","lucrative",-0.609597,43.192488
"bnp_paribas","lucrative",-0.772012,43.488922
"bnp_paribas","lucrative",-0.367471,43.296366
"bnp_paribas","lucrative",-0.352709,43.303786
"bnp_paribas","lucrative",-0.358327,43.319752
"bnp_paribas","lucrative",-1.662593,43.387387
"bnp_paribas","lucrative",-1.034206,43.328333
"bnp_paribas","lucrative",-1.450637,43.472732
"bnp_paribas","lucrative",0.150028,43.063926
"bnp_paribas","lucrative",0.382692,43.123849
"bnp_paribas","lucrative",-0.045562,43.09636
"bnp_paribas","lucrative",0.092051,43.233
"bnp_paribas","lucrative",0.078801,43.232018
"bnp_paribas","lucrative",3.014429,42.548759
"bnp_paribas","lucrative",1.941285,42.43381
"bnp_paribas","lucrative",2.934602,42.680393
"bnp_paribas","lucrative",3.022262,42.703271
"bnp_paribas","lucrative",2.844014,42.662196
"bnp_paribas","lucrative",2.747636,42.488333
"bnp_paribas","lucrative",2.97216,42.601054
"bnp_paribas","lucrative",2.831449,42.524828
"bnp_paribas","lucrative",2.888647,42.699468
"bnp_paribas","lucrative",2.904261,42.688816
"bnp_paribas","lucrative",2.42197,42.616129
"bnp_paribas","lucrative",2.85258,42.713881
"bnp_paribas","lucrative",7.663363,48.422893
"bnp_paribas","lucrative",7.786387,48.813487
"bnp_paribas","lucrative",7.709425,48.526556
"bnp_paribas","lucrative",7.492375,48.539986
"bnp_paribas","lucrative",7.482779,48.462019
"bnp_paribas","lucrative",7.362106,48.741519
"bnp_paribas","lucrative",7.749115,48.60681
"bnp_paribas","lucrative",7.447789,48.258733
"bnp_paribas","lucrative",7.749291,48.584062
"bnp_paribas","lucrative",7.771416,48.586494
"bnp_paribas","lucrative",7.766876,48.577
"bnp_paribas","lucrative",7.73743,48.583912
"bnp_paribas","lucrative",7.765928,48.557764
"bnp_paribas","lucrative",7.762547,48.585941
"bnp_paribas","lucrative",7.7829,48.60299
"bnp_paribas","lucrative",7.945235,49.036763
"bnp_paribas","lucrative",7.175562,47.807196
"bnp_paribas","lucrative",7.353319,48.077705
"bnp_paribas","lucrative",7.360548,48.077534
"bnp_paribas","lucrative",7.211857,47.908735
"bnp_paribas","lucrative",7.336026,47.74542
"bnp_paribas","lucrative",7.338069,47.747063
"bnp_paribas","lucrative",7.323038,48.193507
"bnp_paribas","lucrative",7.399393,47.744282
"bnp_paribas","lucrative",7.564201,47.585329
"bnp_paribas","lucrative",7.101576,47.811671
"bnp_paribas","lucrative",7.337041,47.805952
"bnp_paribas","lucrative",4.331765,45.973057
"bnp_paribas","lucrative",4.746214,46.109566
"bnp_paribas","lucrative",4.753483,45.673556
"bnp_paribas","lucrative",4.909376,45.733179
"bnp_paribas","lucrative",4.845973,45.798861
"bnp_paribas","lucrative",4.792635,45.795101
"bnp_paribas","lucrative",4.746929,45.711965
"bnp_paribas","lucrative",4.735267,45.785235
"bnp_paribas","lucrative",4.840479,45.816743
"bnp_paribas","lucrative",4.320501,46.099698
"bnp_paribas","lucrative",4.735017,45.747411
"bnp_paribas","lucrative",4.758656,45.81884
"bnp_paribas","lucrative",4.960962,45.766723
"bnp_paribas","lucrative",4.780799,45.774008
"bnp_paribas","lucrative",4.855129,45.8442
"bnp_paribas","lucrative",4.997685,45.73267
"bnp_paribas","lucrative",4.770811,45.58855
"bnp_paribas","lucrative",4.718,45.97828
"bnp_paribas","lucrative",4.77154,45.836035
"bnp_paribas","lucrative",4.83615,45.76682
"bnp_paribas","lucrative",4.834618,45.758056
"bnp_paribas","lucrative",4.81975,45.741714
"bnp_paribas","lucrative",4.835052,45.763462
"bnp_paribas","lucrative",4.829765,45.753842
"bnp_paribas","lucrative",4.855092,45.759425
"bnp_paribas","lucrative",4.885106,45.749798
"bnp_paribas","lucrative",4.848448,45.759914
"bnp_paribas","lucrative",4.866585,45.754406
"bnp_paribas","lucrative",4.832195,45.775609
"bnp_paribas","lucrative",4.796906,45.756614
"bnp_paribas","lucrative",4.853015,45.769657
"bnp_paribas","lucrative",4.844124,45.768409
"bnp_paribas","lucrative",4.844596,45.763687
"bnp_paribas","lucrative",4.845927,45.772722
"bnp_paribas","lucrative",4.834427,45.732381
"bnp_paribas","lucrative",4.846447,45.753969
"bnp_paribas","lucrative",4.842822,45.745618
"bnp_paribas","lucrative",4.87171,45.743854
"bnp_paribas","lucrative",4.866146,45.737586
"bnp_paribas","lucrative",4.808655,45.788188
"bnp_paribas","lucrative",4.807022,45.773716
"bnp_paribas","lucrative",4.711622,45.783384
"bnp_paribas","lucrative",5.003557,45.766305
"bnp_paribas","lucrative",4.957444,45.662906
"bnp_paribas","lucrative",4.672375,45.620115
"bnp_paribas","lucrative",4.804869,45.713329
"bnp_paribas","lucrative",4.855097,45.709207
"bnp_paribas","lucrative",4.793586,45.695344
"bnp_paribas","lucrative",4.935444,45.694202
"bnp_paribas","lucrative",4.856475,45.632449
"bnp_paribas","lucrative",4.804764,45.735185
"bnp_paribas","lucrative",4.434212,45.895493
"bnp_paribas","lucrative",4.779605,45.763822
"bnp_paribas","lucrative",4.936093,45.767859
"bnp_paribas","lucrative",4.882223,45.700697
"bnp_paribas","lucrative",4.717907,45.988934
"bnp_paribas","lucrative",4.888099,45.759203
"bnp_paribas","lucrative",4.879736,45.769375
"bnp_paribas","lucrative",4.863543,45.770172
"bnp_paribas","lucrative",4.873808,45.763571
"bnp_paribas","lucrative",4.868059,45.774375
"bnp_paribas","lucrative",5.591219,47.448511
"bnp_paribas","lucrative",5.90244,47.824766
"bnp_paribas","lucrative",6.495206,47.685924
"bnp_paribas","lucrative",6.381133,47.814983
"bnp_paribas","lucrative",6.153993,47.618376
"bnp_paribas","lucrative",4.298215,46.950579
"bnp_paribas","lucrative",3.77188,46.620544
"bnp_paribas","lucrative",4.752998,46.907287
"bnp_paribas","lucrative",4.844338,46.7814
"bnp_paribas","lucrative",4.847413,46.797493
"bnp_paribas","lucrative",4.851745,46.784209
"bnp_paribas","lucrative",4.812363,46.308822
"bnp_paribas","lucrative",4.273211,46.435494
"bnp_paribas","lucrative",4.658007,46.433755
"bnp_paribas","lucrative",3.978479,46.480347
"bnp_paribas","lucrative",4.062095,46.600716
"bnp_paribas","lucrative",4.306298,46.291526
"bnp_paribas","lucrative",4.438732,46.804925
"bnp_paribas","lucrative",4.833852,46.305658
"bnp_paribas","lucrative",4.040381,46.274563
"bnp_paribas","lucrative",4.361392,46.672018
"bnp_paribas","lucrative",4.117071,46.449116
"bnp_paribas","lucrative",4.912717,46.561908
"bnp_paribas","lucrative",0.185586,47.929265
"bnp_paribas","lucrative",0.574805,47.727829
"bnp_paribas","lucrative",0.652713,48.187219
"bnp_paribas","lucrative",-0.075699,47.699563
"bnp_paribas","lucrative",0.188591,48.012168
"bnp_paribas","lucrative",0.212105,48.015306
"bnp_paribas","lucrative",0.211426,47.982904
"bnp_paribas","lucrative",0.197585,48.004264
"bnp_paribas","lucrative",-0.333351,47.839936
"bnp_paribas","lucrative",5.91365,45.68894
"bnp_paribas","lucrative",5.910177,45.693309
"bnp_paribas","lucrative",6.392262,45.67779
"bnp_paribas","lucrative",5.920936,45.566302
"bnp_paribas","lucrative",5.92334,45.721542
"bnp_paribas","lucrative",5.874774,45.598232
"bnp_paribas","lucrative",5.951364,45.573542
"bnp_paribas","lucrative",6.342979,45.277692
"bnp_paribas","lucrative",6.124157,45.904012
"bnp_paribas","lucrative",6.121998,45.899624
"bnp_paribas","lucrative",6.133319,45.9059
"bnp_paribas","lucrative",6.145593,45.906276
"bnp_paribas","lucrative",6.235023,46.190948
"bnp_paribas","lucrative",6.4081,46.076722
"bnp_paribas","lucrative",6.868388,45.922112
"bnp_paribas","lucrative",6.579358,46.060212
"bnp_paribas","lucrative",6.302335,46.305793
"bnp_paribas","lucrative",6.590138,46.400483
"bnp_paribas","lucrative",6.215071,46.191358
"bnp_paribas","lucrative",6.312542,46.066495
"bnp_paribas","lucrative",6.082188,46.144874
"bnp_paribas","lucrative",6.631924,45.935436
"bnp_paribas","lucrative",6.101055,45.887402
"bnp_paribas","lucrative",6.480121,46.37032
"bnp_paribas","lucrative",5.968238,46.107918
"bnp_paribas","lucrative",2.326472,48.869483
"bnp_paribas","lucrative",2.346086,48.859086
"bnp_paribas","lucrative",2.342619,48.856023
"bnp_paribas","lucrative",2.340061,48.862219
"bnp_paribas","lucrative",2.334647,48.870868
"bnp_paribas","lucrative",2.332819,48.870133
"bnp_paribas","lucrative",2.342139,48.868884
"bnp_paribas","lucrative",2.3322,48.867914
"bnp_paribas","lucrative",2.332874,48.868799
"bnp_paribas","lucrative",2.340339,48.86955
"bnp_paribas","lucrative",2.351358,48.864553
"bnp_paribas","lucrative",2.362723,48.867427
"bnp_paribas","lucrative",2.359946,48.864356
"bnp_paribas","lucrative",2.364411,48.862362
"bnp_paribas","lucrative",2.356542,48.859558
"bnp_paribas","lucrative",2.36041,48.8555
"bnp_paribas","lucrative",2.353742,48.846887
"bnp_paribas","lucrative",2.352089,48.843366
"bnp_paribas","lucrative",2.350548,48.838233
"bnp_paribas","lucrative",2.348645,48.85066
"bnp_paribas","lucrative",2.343609,48.846568
"bnp_paribas","lucrative",2.356785,48.838569
"bnp_paribas","lucrative",2.341557,48.848126
"bnp_paribas","lucrative",2.328527,48.848544
"bnp_paribas","lucrative",2.335293,48.853164
"bnp_paribas","lucrative",2.339254,48.848888
"bnp_paribas","lucrative",2.324574,48.844395
"bnp_paribas","lucrative",2.343347,48.852999
"bnp_paribas","lucrative",2.333762,48.853539
"bnp_paribas","lucrative",2.33031,48.841972
"bnp_paribas","lucrative",2.30383,48.858685
"bnp_paribas","lucrative",2.319498,48.848001
"bnp_paribas","lucrative",2.307149,48.85425
"bnp_paribas","lucrative",2.31021,48.858231
"bnp_paribas","lucrative",2.325785,48.85438
"bnp_paribas","lucrative",2.317535,48.85738
"bnp_paribas","lucrative",2.328559,48.858421
"bnp_paribas","lucrative",2.296713,48.854011
"bnp_paribas","lucrative",2.30624,48.869856
"bnp_paribas","lucrative",2.322601,48.871374
"bnp_paribas","lucrative",2.29686,48.87211
"bnp_paribas","lucrative",2.304129,48.874928
"bnp_paribas","lucrative",2.320502,48.874482
"bnp_paribas","lucrative",2.310715,48.872703
"bnp_paribas","lucrative",2.3161,48.873854
"bnp_paribas","lucrative",2.347259,48.876935
"bnp_paribas","lucrative",2.32735,48.883216
"bnp_paribas","lucrative",2.340153,48.880073
"bnp_paribas","lucrative",2.330918,48.876403
"bnp_paribas","lucrative",2.339954,48.874731
"bnp_paribas","lucrative",2.354696,48.87052
"bnp_paribas","lucrative",2.354737,48.879476
"bnp_paribas","lucrative",2.370878,48.870463
"bnp_paribas","lucrative",2.364012,48.881037
"bnp_paribas","lucrative",2.369109,48.854308
"bnp_paribas","lucrative",2.386182,48.854381
"bnp_paribas","lucrative",2.379054,48.856775
"bnp_paribas","lucrative",2.394398,48.848956
"bnp_paribas","lucrative",2.375136,48.865303
"bnp_paribas","lucrative",2.38594,48.862953
"bnp_paribas","lucrative",2.378729,48.860492
"bnp_paribas","lucrative",2.396675,48.83983
"bnp_paribas","lucrative",2.381026,48.850303
"bnp_paribas","lucrative",2.37351,48.845988
"bnp_paribas","lucrative",2.37169,48.847905
"bnp_paribas","lucrative",2.401855,48.844727
"bnp_paribas","lucrative",2.407677,48.835585
"bnp_paribas","lucrative",2.387838,48.846402
"bnp_paribas","lucrative",2.395904,48.835837
"bnp_paribas","lucrative",2.378097,48.830492
"bnp_paribas","lucrative",2.345644,48.830201
"bnp_paribas","lucrative",2.35441,48.83266
"bnp_paribas","lucrative",2.369012,48.827216
"bnp_paribas","lucrative",2.363787,48.819993
"bnp_paribas","lucrative",2.362723,48.832469
"bnp_paribas","lucrative",2.357525,48.82631
"bnp_paribas","lucrative",2.326354,48.82737
"bnp_paribas","lucrative",2.323551,48.836606
"bnp_paribas","lucrative",2.337933,48.820291
"bnp_paribas","lucrative",2.328594,48.829511
"bnp_paribas","lucrative",2.341466,48.825987
"bnp_paribas","lucrative",2.337021,48.839279
"bnp_paribas","lucrative",2.326124,48.823293
"bnp_paribas","lucrative",2.311035,48.846464
"bnp_paribas","lucrative",2.286592,48.846481
"bnp_paribas","lucrative",2.295633,48.846849
"bnp_paribas","lucrative",2.28149,48.844138
"bnp_paribas","lucrative",2.290111,48.852782
"bnp_paribas","lucrative",2.282268,48.838705
"bnp_paribas","lucrative",2.303023,48.848641
"bnp_paribas","lucrative",2.299769,48.841836
"bnp_paribas","lucrative",2.31858,48.841732
"bnp_paribas","lucrative",2.30973,48.839528
"bnp_paribas","lucrative",2.293909,48.835973
"bnp_paribas","lucrative",2.306292,48.843793
"bnp_paribas","lucrative",2.30536,48.834491
"bnp_paribas","lucrative",2.264678,48.848358
"bnp_paribas","lucrative",2.290922,48.867708
"bnp_paribas","lucrative",2.266939,48.841576
"bnp_paribas","lucrative",2.283567,48.875923
"bnp_paribas","lucrative",2.276359,48.850278
"bnp_paribas","lucrative",2.283573,48.865638
"bnp_paribas","lucrative",2.256942,48.8391
"bnp_paribas","lucrative",2.283017,48.858225
"bnp_paribas","lucrative",2.265133,48.853246
"bnp_paribas","lucrative",2.283411,48.868988
"bnp_paribas","lucrative",2.288409,48.864244
"bnp_paribas","lucrative",2.277233,48.86637
"bnp_paribas","lucrative",2.274938,48.858885
"bnp_paribas","lucrative",2.290649,48.875534
"bnp_paribas","lucrative",2.319725,48.891004
"bnp_paribas","lucrative",2.315046,48.881322
"bnp_paribas","lucrative",2.304591,48.883595
"bnp_paribas","lucrative",2.294055,48.87805
"bnp_paribas","lucrative",2.321188,48.884747
"bnp_paribas","lucrative",2.295292,48.881673
"bnp_paribas","lucrative",2.297587,48.884382
"bnp_paribas","lucrative",2.303384,48.879512
"bnp_paribas","lucrative",2.291399,48.885321
"bnp_paribas","lucrative",2.298151,48.878595
"bnp_paribas","lucrative",2.30988,48.885856
"bnp_paribas","lucrative",2.349279,48.884758
"bnp_paribas","lucrative",2.32752,48.892735
"bnp_paribas","lucrative",2.343473,48.892549
"bnp_paribas","lucrative",2.338367,48.88971
"bnp_paribas","lucrative",2.359702,48.88962
"bnp_paribas","lucrative",2.334316,48.88551
"bnp_paribas","lucrative",2.347111,48.894968
"bnp_paribas","lucrative",2.387976,48.879454
"bnp_paribas","lucrative",2.378889,48.885219
"bnp_paribas","lucrative",2.386031,48.887094
"bnp_paribas","lucrative",2.39392,48.877586
"bnp_paribas","lucrative",2.379642,48.899055
"bnp_paribas","lucrative",2.373644,48.880851
"bnp_paribas","lucrative",2.375873,48.890311
"bnp_paribas","lucrative",2.392035,48.875376
"bnp_paribas","lucrative",2.386021,48.874184
"bnp_paribas","lucrative",2.397919,48.865064
"bnp_paribas","lucrative",2.405476,48.852496
"bnp_paribas","lucrative",2.384394,48.867454
"bnp_paribas","lucrative",2.403822,48.871512
"bnp_paribas","lucrative",2.408473,48.863806
"bnp_paribas","lucrative",1.753867,49.768717
"bnp_paribas","lucrative",0.953023,49.54539
"bnp_paribas","lucrative",1.624048,49.931679
"bnp_paribas","lucrative",1.117156,49.470557
"bnp_paribas","lucrative",0.472126,49.571484
"bnp_paribas","lucrative",1.075233,49.924923
"bnp_paribas","lucrative",1.0093,49.28802
"bnp_paribas","lucrative",1.420648,50.050513
"bnp_paribas","lucrative",0.375524,49.757025
"bnp_paribas","lucrative",1.548226,49.612297
"bnp_paribas","lucrative",0.367314,49.646242
"bnp_paribas","lucrative",1.72392,49.482504
"bnp_paribas","lucrative",0.197963,49.506456
"bnp_paribas","lucrative",1.049838,49.406414
"bnp_paribas","lucrative",0.105035,49.489848
"bnp_paribas","lucrative",0.109588,49.495929
"bnp_paribas","lucrative",0.132493,49.500176
"bnp_paribas","lucrative",0.102225,49.505739
"bnp_paribas","lucrative",1.149106,49.40685
"bnp_paribas","lucrative",0.534738,49.518641
"bnp_paribas","lucrative",1.039988,49.481617
"bnp_paribas","lucrative",1.069936,49.462313
"bnp_paribas","lucrative",0.192031,49.545075
"bnp_paribas","lucrative",1.074644,49.548823
"bnp_paribas","lucrative",1.442351,49.731519
"bnp_paribas","lucrative",0.564193,49.489909
"bnp_paribas","lucrative",1.100506,49.438575
"bnp_paribas","lucrative",1.090171,49.441167
"bnp_paribas","lucrative",1.069335,49.446844
"bnp_paribas","lucrative",0.358393,49.529972
"bnp_paribas","lucrative",0.08634,49.502187
"bnp_paribas","lucrative",1.09014,49.415588
"bnp_paribas","lucrative",0.753563,49.618328
"bnp_paribas","lucrative",2.715962,48.41419
"bnp_paribas","lucrative",2.820324,48.850117
"bnp_paribas","lucrative",2.692799,48.47435
"bnp_paribas","lucrative",2.60642,48.690962
"bnp_paribas","lucrative",2.710525,48.836309
"bnp_paribas","lucrative",2.70519,48.840318
"bnp_paribas","lucrative",2.603351,48.563
"bnp_paribas","lucrative",2.583925,48.843741
"bnp_paribas","lucrative",2.745655,48.856165
"bnp_paribas","lucrative",2.584483,48.876569
"bnp_paribas","lucrative",2.68393,48.945011
"bnp_paribas","lucrative",2.566506,48.664251
"bnp_paribas","lucrative",3.084112,48.814769
"bnp_paribas","lucrative",2.636092,48.515683
"bnp_paribas","lucrative",2.678517,49.053973
"bnp_paribas","lucrative",2.812585,48.901166
"bnp_paribas","lucrative",2.703967,48.408324
"bnp_paribas","lucrative",2.735902,48.741465
"bnp_paribas","lucrative",3.132108,48.948446
"bnp_paribas","lucrative",2.704873,48.876808
"bnp_paribas","lucrative",2.637492,48.550282
"bnp_paribas","lucrative",2.554633,48.62936
"bnp_paribas","lucrative",2.630024,48.83906
"bnp_paribas","lucrative",2.882435,48.959118
"bnp_paribas","lucrative",2.657773,48.535918
"bnp_paribas","lucrative",2.600886,48.95365
"bnp_paribas","lucrative",2.589309,48.627338
"bnp_paribas","lucrative",2.957185,48.385808
"bnp_paribas","lucrative",2.817904,48.372822
"bnp_paribas","lucrative",3.013083,48.556317
"bnp_paribas","lucrative",2.692663,48.267029
"bnp_paribas","lucrative",2.673096,48.765699
"bnp_paribas","lucrative",2.60448,48.794792
"bnp_paribas","lucrative",3.298684,48.559457
"bnp_paribas","lucrative",2.656348,48.790384
"bnp_paribas","lucrative",2.544342,48.531382
"bnp_paribas","lucrative",2.583145,48.581484
"bnp_paribas","lucrative",2.774757,48.855398
"bnp_paribas","lucrative",2.650788,48.850699
"bnp_paribas","lucrative",2.639967,48.874514
"bnp_paribas","lucrative",2.603215,48.950348
"bnp_paribas","lucrative",2.067812,48.960488
"bnp_paribas","lucrative",1.846074,48.973285
"bnp_paribas","lucrative",2.032495,48.800497
"bnp_paribas","lucrative",1.580584,49.037534
"bnp_paribas","lucrative",2.138118,48.865897
"bnp_paribas","lucrative",2.129683,48.77684
"bnp_paribas","lucrative",2.178083,48.909323
"bnp_paribas","lucrative",2.158905,48.888682
"bnp_paribas","lucrative",2.040456,48.70768
"bnp_paribas","lucrative",2.091144,48.992158
"bnp_paribas","lucrative",2.145294,48.877776
"bnp_paribas","lucrative",1.969605,48.770326
"bnp_paribas","lucrative",1.870474,48.967653
"bnp_paribas","lucrative",2.043986,48.810753
"bnp_paribas","lucrative",6.739205,43.596556
"bnp_paribas","lucrative",1.810707,48.989318
"bnp_paribas","lucrative",2.078709,48.766914
"bnp_paribas","lucrative",1.600398,48.7923
"bnp_paribas","lucrative",2.187785,48.925617
"bnp_paribas","lucrative",1.899006,48.803282
"bnp_paribas","lucrative",2.162222,48.765241
"bnp_paribas","lucrative",2.071732,48.869101
"bnp_paribas","lucrative",2.149916,48.848741
"bnp_paribas","lucrative",2.133889,48.854401
"bnp_paribas","lucrative",2.117833,48.830622
"bnp_paribas","lucrative",2.128143,48.8167
"bnp_paribas","lucrative",1.950183,48.739391
"bnp_paribas","lucrative",1.854019,48.694643
"bnp_paribas","lucrative",2.134088,48.894039
"bnp_paribas","lucrative",2.134761,48.890618
"bnp_paribas","lucrative",1.986377,48.8227
"bnp_paribas","lucrative",1.910246,48.993874
"bnp_paribas","lucrative",2.145663,48.945758
"bnp_paribas","lucrative",1.676904,48.997182
"bnp_paribas","lucrative",1.717286,48.990279
"bnp_paribas","lucrative",1.706249,48.986809
"bnp_paribas","lucrative",2.095573,48.87126
"bnp_paribas","lucrative",1.849148,48.909382
"bnp_paribas","lucrative",1.944636,48.761933
"bnp_paribas","lucrative",1.91063,49.004988
"bnp_paribas","lucrative",2.151437,48.908517
"bnp_paribas","lucrative",1.808542,48.777937
"bnp_paribas","lucrative",2.045046,48.786301
"bnp_paribas","lucrative",2.025557,48.770963
"bnp_paribas","lucrative",2.06725,48.842388
"bnp_paribas","lucrative",1.976826,48.919435
"bnp_paribas","lucrative",1.96365,48.803749
"bnp_paribas","lucrative",2.041925,48.930096
"bnp_paribas","lucrative",1.827745,48.642765
"bnp_paribas","lucrative",2.063483,48.8006
"bnp_paribas","lucrative",2.093001,48.897918
"bnp_paribas","lucrative",2.089472,48.897345
"bnp_paribas","lucrative",2.02292,48.860137
"bnp_paribas","lucrative",2.071452,48.705696
"bnp_paribas","lucrative",2.158281,48.939133
"bnp_paribas","lucrative",2.005514,48.778057
"bnp_paribas","lucrative",2.00275,48.981583
"bnp_paribas","lucrative",2.20527,48.780491
"bnp_paribas","lucrative",2.182171,48.784841
"bnp_paribas","lucrative",1.970466,48.982075
"bnp_paribas","lucrative",2.131159,48.805357
"bnp_paribas","lucrative",2.145951,48.804618
"bnp_paribas","lucrative",2.135018,48.797709
"bnp_paribas","lucrative",2.135247,48.811675
"bnp_paribas","lucrative",2.125596,48.79924
"bnp_paribas","lucrative",1.999589,48.828142
"bnp_paribas","lucrative",2.172585,48.804168
"bnp_paribas","lucrative",2.048685,48.762175
"bnp_paribas","lucrative",-0.489922,46.304207
"bnp_paribas","lucrative",-0.492157,46.840518
"bnp_paribas","lucrative",-0.460041,46.323076
"bnp_paribas","lucrative",-0.247621,46.648608
"bnp_paribas","lucrative",-0.215212,46.978617
"bnp_paribas","lucrative",1.832056,50.105195
"bnp_paribas","lucrative",2.647447,50.003559
"bnp_paribas","lucrative",2.299717,49.892353
"bnp_paribas","lucrative",2.278879,49.886898
"bnp_paribas","lucrative",2.287135,49.87444
"bnp_paribas","lucrative",2.342287,50.155922
"bnp_paribas","lucrative",3.071271,49.74509
"bnp_paribas","lucrative",2.934651,49.929638
"bnp_paribas","lucrative",2.790248,49.698039
"bnp_paribas","lucrative",1.673099,50.271413
"bnp_paribas","lucrative",1.64183,50.185669
"bnp_paribas","lucrative",2.148572,43.926181
"bnp_paribas","lucrative",2.155865,44.049721
"bnp_paribas","lucrative",2.242199,43.605613
"bnp_paribas","lucrative",1.899132,43.89966
"bnp_paribas","lucrative",1.968756,43.760124
"bnp_paribas","lucrative",1.815738,43.698854
"bnp_paribas","lucrative",2.375417,43.489729
"bnp_paribas","lucrative",1.685596,43.773734
"bnp_paribas","lucrative",1.1068,44.039451
"bnp_paribas","lucrative",1.538199,44.162401
"bnp_paribas","lucrative",1.085646,44.103162
"bnp_paribas","lucrative",1.352972,44.017294
"bnp_paribas","lucrative",1.375402,44.034121
"bnp_paribas","lucrative",0.889155,44.107336
"bnp_paribas","lucrative",5.753039,43.136129
"bnp_paribas","lucrative",6.054517,43.406723
"bnp_paribas","lucrative",6.527726,43.173997
"bnp_paribas","lucrative",6.533008,43.248255
"bnp_paribas","lucrative",6.069729,43.236584
"bnp_paribas","lucrative",6.462976,43.539187
"bnp_paribas","lucrative",6.736949,43.433873
"bnp_paribas","lucrative",6.755308,43.449998
"bnp_paribas","lucrative",6.128155,43.119719
"bnp_paribas","lucrative",6.124243,43.110041
"bnp_paribas","lucrative",6.069995,43.147561
"bnp_paribas","lucrative",5.88371,43.099133
"bnp_paribas","lucrative",5.980061,43.136662
"bnp_paribas","lucrative",5.801807,43.197211
"bnp_paribas","lucrative",6.327786,43.394754
"bnp_paribas","lucrative",6.369437,43.13866
"bnp_paribas","lucrative",6.561673,43.470996
"bnp_paribas","lucrative",6.021269,43.106653
"bnp_paribas","lucrative",6.774496,43.604436
"bnp_paribas","lucrative",5.848712,43.138392
"bnp_paribas","lucrative",6.690846,43.452668
"bnp_paribas","lucrative",6.076322,43.315888
"bnp_paribas","lucrative",5.711103,43.181671
"bnp_paribas","lucrative",5.85958,43.453573
"bnp_paribas","lucrative",6.768362,43.42199
"bnp_paribas","lucrative",6.784327,43.437435
"bnp_paribas","lucrative",6.636576,43.269899
"bnp_paribas","lucrative",6.633524,43.310299
"bnp_paribas","lucrative",5.805396,43.117332
"bnp_paribas","lucrative",5.832919,43.09527
"bnp_paribas","lucrative",6.041317,43.193128
"bnp_paribas","lucrative",5.931872,43.124913
"bnp_paribas","lucrative",5.93657,43.112014
"bnp_paribas","lucrative",5.393318,43.876359
"bnp_paribas","lucrative",4.805671,43.945328
"bnp_paribas","lucrative",4.746947,44.281397
"bnp_paribas","lucrative",5.047412,44.055
"bnp_paribas","lucrative",5.035061,44.048726
"bnp_paribas","lucrative",5.040473,43.836619
"bnp_paribas","lucrative",4.833463,44.055518
"bnp_paribas","lucrative",5.05017,43.917756
"bnp_paribas","lucrative",4.859614,43.962619
"bnp_paribas","lucrative",4.808186,44.137779
"bnp_paribas","lucrative",5.50176,43.684625
"bnp_paribas","lucrative",4.872034,44.008096
"bnp_paribas","lucrative",5.072934,44.241128
"bnp_paribas","lucrative",-1.879307,46.847173
"bnp_paribas","lucrative",-0.804188,46.46556
"bnp_paribas","lucrative",-1.425001,46.670356
"bnp_paribas","lucrative",-1.010519,46.870471
"bnp_paribas","lucrative",-1.784396,46.497372
"bnp_paribas","lucrative",-1.939136,46.696556
"bnp_paribas","lucrative",0.545013,46.81713
"bnp_paribas","lucrative",0.643645,46.569934
"bnp_paribas","lucrative",0.29518,46.148475
"bnp_paribas","lucrative",0.368597,46.685976
"bnp_paribas","lucrative",0.811878,46.786299
"bnp_paribas","lucrative",0.087366,47.009387
"bnp_paribas","lucrative",0.870016,46.424892
"bnp_paribas","lucrative",0.340489,46.579864
"bnp_paribas","lucrative",0.307702,46.555363
"bnp_paribas","lucrative",0.375222,46.589315
"bnp_paribas","lucrative",1.250138,45.829914
"bnp_paribas","lucrative",1.26322,45.831379
"bnp_paribas","lucrative",1.273473,45.810849
"bnp_paribas","lucrative",0.900204,45.887448
"bnp_paribas","lucrative",6.721694,48.209318
"bnp_paribas","lucrative",6.445621,48.175351
"bnp_paribas","lucrative",6.87447,48.070083
"bnp_paribas","lucrative",6.437937,48.196344
"bnp_paribas","lucrative",6.766037,47.87867
"bnp_paribas","lucrative",6.635084,48.34562
"bnp_paribas","lucrative",6.592952,48.016292
"bnp_paribas","lucrative",6.949338,48.284495
"bnp_paribas","lucrative",5.9457,48.201499
"bnp_paribas","lucrative",3.570339,47.794745
"bnp_paribas","lucrative",3.566313,47.791706
"bnp_paribas","lucrative",3.90881,47.489649
"bnp_paribas","lucrative",3.800848,47.814812
"bnp_paribas","lucrative",3.095388,47.885917
"bnp_paribas","lucrative",3.397502,47.981466
"bnp_paribas","lucrative",3.514768,47.962509
"bnp_paribas","lucrative",3.07197,47.640208
"bnp_paribas","lucrative",3.729521,48.001653
"bnp_paribas","lucrative",3.280507,48.197135
"bnp_paribas","lucrative",3.973663,47.855869
"bnp_paribas","lucrative",6.857617,47.636182
"bnp_paribas","lucrative",6.848604,47.654343
"bnp_paribas","lucrative",7.001677,47.508078
"bnp_paribas","lucrative",2.246772,48.587578
"bnp_paribas","lucrative",2.371349,48.70615
"bnp_paribas","lucrative",2.385069,48.52503
"bnp_paribas","lucrative",2.216151,48.755301
"bnp_paribas","lucrative",2.305483,48.610518
"bnp_paribas","lucrative",2.503612,48.697945
"bnp_paribas","lucrative",2.163003,48.696942
"bnp_paribas","lucrative",2.318046,48.7009
"bnp_paribas","lucrative",2.481348,48.612574
"bnp_paribas","lucrative",2.423945,48.626627
"bnp_paribas","lucrative",2.459542,48.714964
"bnp_paribas","lucrative",2.010568,48.530759
"bnp_paribas","lucrative",2.410939,48.68569
"bnp_paribas","lucrative",2.3281,48.672816
"bnp_paribas","lucrative",2.161406,48.434076
"bnp_paribas","lucrative",2.13658,48.699407
"bnp_paribas","lucrative",2.115016,48.688508
"bnp_paribas","lucrative",2.386368,48.655354
"bnp_paribas","lucrative",2.221803,48.733135
"bnp_paribas","lucrative",2.377427,48.690221
"bnp_paribas","lucrative",2.170049,48.683932
"bnp_paribas","lucrative",2.07669,48.645762
"bnp_paribas","lucrative",2.424823,48.597147
"bnp_paribas","lucrative",2.28961,48.689813
"bnp_paribas","lucrative",2.229416,48.642455
"bnp_paribas","lucrative",2.27622,48.729819
"bnp_paribas","lucrative",2.261869,48.72293
"bnp_paribas","lucrative",2.263908,48.727035
"bnp_paribas","lucrative",2.434155,48.566704
"bnp_paribas","lucrative",2.459704,48.704689
"bnp_paribas","lucrative",2.271181,48.639266
"bnp_paribas","lucrative",2.338738,48.655585
"bnp_paribas","lucrative",2.241441,48.659779
"bnp_paribas","lucrative",2.184842,48.696463
"bnp_paribas","lucrative",2.244524,48.713568
"bnp_paribas","lucrative",2.201725,48.713224
"bnp_paribas","lucrative",2.409275,48.649368
"bnp_paribas","lucrative",2.12379,48.553432
"bnp_paribas","lucrative",2.499861,48.616709
"bnp_paribas","lucrative",2.332012,48.637697
"bnp_paribas","lucrative",2.316458,48.651623
"bnp_paribas","lucrative",2.342402,48.680433
"bnp_paribas","lucrative",2.45203,48.646593
"bnp_paribas","lucrative",2.268599,48.745382
"bnp_paribas","lucrative",2.416826,48.698966
"bnp_paribas","lucrative",2.377441,48.674246
"bnp_paribas","lucrative",2.486845,48.700949
"bnp_paribas","lucrative",2.303857,48.753602
"bnp_paribas","lucrative",2.302604,48.740497
"bnp_paribas","lucrative",2.281836,48.918827
"bnp_paribas","lucrative",2.269836,48.907556
"bnp_paribas","lucrative",2.289629,48.910349
"bnp_paribas","lucrative",2.317183,48.802195
"bnp_paribas","lucrative",2.267978,48.915095
"bnp_paribas","lucrative",2.236712,48.83169
"bnp_paribas","lucrative",2.238211,48.827002
"bnp_paribas","lucrative",2.237309,48.845187
"bnp_paribas","lucrative",2.239789,48.840409
"bnp_paribas","lucrative",2.24582,48.829321
"bnp_paribas","lucrative",2.233655,48.840122
"bnp_paribas","lucrative",2.315271,48.779642
"bnp_paribas","lucrative",2.261041,48.765665
"bnp_paribas","lucrative",2.280427,48.769511
"bnp_paribas","lucrative",2.288188,48.802552
"bnp_paribas","lucrative",2.183005,48.805378
"bnp_paribas","lucrative",2.272608,48.812517
"bnp_paribas","lucrative",2.26592,48.802316
"bnp_paribas","lucrative",2.238736,48.781419
"bnp_paribas","lucrative",2.304852,48.901892
"bnp_paribas","lucrative",2.316039,48.901054
"bnp_paribas","lucrative",2.252748,48.924106
"bnp_paribas","lucrative",2.25956,48.92397
"bnp_paribas","lucrative",2.242012,48.89245
"bnp_paribas","lucrative",2.246507,48.898905
"bnp_paribas","lucrative",2.256107,48.897061
"bnp_paribas","lucrative",2.268211,48.903472
"bnp_paribas","lucrative",2.25358,48.89211
"bnp_paribas","lucrative",2.289101,48.790905
"bnp_paribas","lucrative",2.189589,48.843919
"bnp_paribas","lucrative",2.296552,48.932745
"bnp_paribas","lucrative",2.294039,48.925984
"bnp_paribas","lucrative",2.279273,48.827381
"bnp_paribas","lucrative",2.273853,48.824268
"bnp_paribas","lucrative",2.252099,48.822191
"bnp_paribas","lucrative",2.238738,48.906574
"bnp_paribas","lucrative",2.257705,48.913069
"bnp_paribas","lucrative",2.248989,48.906218
"bnp_paribas","lucrative",2.263164,48.781445
"bnp_paribas","lucrative",2.281373,48.888706
"bnp_paribas","lucrative",2.282427,48.897179
"bnp_paribas","lucrative",2.289631,48.893107
"bnp_paribas","lucrative",2.276551,48.894009
"bnp_paribas","lucrative",2.302552,48.821467
"bnp_paribas","lucrative",2.236039,48.806856
"bnp_paribas","lucrative",2.228107,48.820727
"bnp_paribas","lucrative",2.230321,48.788325
"bnp_paribas","lucrative",2.323381,48.819033
"bnp_paribas","lucrative",2.316836,48.814176
"bnp_paribas","lucrative",2.194899,48.890358
"bnp_paribas","lucrative",2.196471,48.895188
"bnp_paribas","lucrative",2.178891,48.893461
"bnp_paribas","lucrative",2.275432,48.882804
"bnp_paribas","lucrative",2.254404,48.881408
"bnp_paribas","lucrative",2.264025,48.883311
"bnp_paribas","lucrative",2.267249,48.884984
"bnp_paribas","lucrative",2.249308,48.886529
"bnp_paribas","lucrative",2.240594,48.891585
"bnp_paribas","lucrative",2.238664,48.880468
"bnp_paribas","lucrative",2.186459,48.869105
"bnp_paribas","lucrative",2.171888,48.886842
"bnp_paribas","lucrative",2.180064,48.878164
"bnp_paribas","lucrative",2.16278,48.872741
"bnp_paribas","lucrative",2.207709,48.842348
"bnp_paribas","lucrative",2.213981,48.858621
"bnp_paribas","lucrative",2.294775,48.777353
"bnp_paribas","lucrative",2.282589,48.779535
"bnp_paribas","lucrative",2.208253,48.822645
"bnp_paribas","lucrative",2.227821,48.869007
"bnp_paribas","lucrative",2.208594,48.864068
"bnp_paribas","lucrative",2.284795,48.821837
"bnp_paribas","lucrative",2.292828,48.825879
"bnp_paribas","lucrative",2.152603,48.837889
"bnp_paribas","lucrative",2.328419,48.940185
"bnp_paribas","lucrative",2.382804,48.913342
"bnp_paribas","lucrative",2.392187,48.904018
"bnp_paribas","lucrative",2.49158,48.928439
"bnp_paribas","lucrative",2.496726,48.942487
"bnp_paribas","lucrative",2.418203,48.86693
"bnp_paribas","lucrative",2.439906,48.906508
"bnp_paribas","lucrative",2.479229,48.90554
"bnp_paribas","lucrative",2.478034,48.895302
"bnp_paribas","lucrative",2.448669,48.918441
"bnp_paribas","lucrative",2.329979,48.949054
"bnp_paribas","lucrative",2.306609,48.960684
"bnp_paribas","lucrative",2.533897,48.885016
"bnp_paribas","lucrative",2.577465,48.862747
"bnp_paribas","lucrative",2.411033,48.920998
"bnp_paribas","lucrative",2.46009,48.936048
"bnp_paribas","lucrative",2.426331,48.935018
"bnp_paribas","lucrative",2.403467,48.883444
"bnp_paribas","lucrative",2.514051,48.894703
"bnp_paribas","lucrative",2.417435,48.880241
"bnp_paribas","lucrative",2.504851,48.904259
"bnp_paribas","lucrative",2.544659,48.922533
"bnp_paribas","lucrative",2.522668,48.912562
"bnp_paribas","lucrative",2.550073,48.898714
"bnp_paribas","lucrative",2.441801,48.862868
"bnp_paribas","lucrative",2.435535,48.857529
"bnp_paribas","lucrative",2.417422,48.854667
"bnp_paribas","lucrative",2.503445,48.862807
"bnp_paribas","lucrative",2.530275,48.85684
"bnp_paribas","lucrative",2.548388,48.844105
"bnp_paribas","lucrative",2.551891,48.848782
"bnp_paribas","lucrative",2.456881,48.893422
"bnp_paribas","lucrative",2.407881,48.892265
"bnp_paribas","lucrative",2.360897,48.966005
"bnp_paribas","lucrative",2.439274,48.883587
"bnp_paribas","lucrative",2.48507,48.872318
"bnp_paribas","lucrative",2.356073,48.937083
"bnp_paribas","lucrative",2.343503,48.919647
"bnp_paribas","lucrative",2.356039,48.930169
"bnp_paribas","lucrative",2.329614,48.910353
"bnp_paribas","lucrative",2.331602,48.904881
"bnp_paribas","lucrative",2.53171,48.936846
"bnp_paribas","lucrative",2.382714,48.951779
"bnp_paribas","lucrative",2.573679,48.942048
"bnp_paribas","lucrative",2.510778,48.889189
"bnp_paribas","lucrative",2.546525,48.959692
"bnp_paribas","lucrative",2.564522,48.945945
"bnp_paribas","lucrative",2.418529,48.80639
"bnp_paribas","lucrative",2.331485,48.801778
"bnp_paribas","lucrative",2.506842,48.753815
"bnp_paribas","lucrative",2.487337,48.77325
"bnp_paribas","lucrative",2.521924,48.838748
"bnp_paribas","lucrative",2.334577,48.79436
"bnp_paribas","lucrative",2.51058,48.812195
"bnp_paribas","lucrative",2.405474,48.826971
"bnp_paribas","lucrative",2.415602,48.820023
"bnp_paribas","lucrative",2.367079,48.771525
"bnp_paribas","lucrative",2.360211,48.761751
"bnp_paribas","lucrative",2.405434,48.764148
"bnp_paribas","lucrative",2.418047,48.767852
"bnp_paribas","lucrative",2.448015,48.796223
"bnp_paribas","lucrative",2.464551,48.791069
"bnp_paribas","lucrative",2.456318,48.849467
"bnp_paribas","lucrative",2.46654,48.84391
"bnp_paribas","lucrative",2.488092,48.853548
"bnp_paribas","lucrative",2.3233,48.757566
"bnp_paribas","lucrative",2.350781,48.816275
"bnp_paribas","lucrative",2.397003,48.818797
"bnp_paribas","lucrative",2.386631,48.812623
"bnp_paribas","lucrative",2.464719,48.819423
"bnp_paribas","lucrative",2.476942,48.820124
"bnp_paribas","lucrative",2.335299,48.779287
"bnp_paribas","lucrative",2.51887,48.79182
"bnp_paribas","lucrative",2.506368,48.796421
"bnp_paribas","lucrative",2.361704,48.811055
"bnp_paribas","lucrative",2.503137,48.842695
"bnp_paribas","lucrative",2.514072,48.834386
"bnp_paribas","lucrative",2.574378,48.808745
"bnp_paribas","lucrative",2.490518,48.751282
"bnp_paribas","lucrative",2.437821,48.807592
"bnp_paribas","lucrative",2.428288,48.802636
"bnp_paribas","lucrative",2.553237,48.737071
"bnp_paribas","lucrative",2.474708,48.835466
"bnp_paribas","lucrative",2.487842,48.83775
"bnp_paribas","lucrative",2.403074,48.743496
"bnp_paribas","lucrative",2.534371,48.790641
"bnp_paribas","lucrative",2.34549,48.75119
"bnp_paribas","lucrative",2.417536,48.840854
"bnp_paribas","lucrative",2.417477,48.84603
"bnp_paribas","lucrative",2.493544,48.798004
"bnp_paribas","lucrative",2.482926,48.798115
"bnp_paribas","lucrative",2.472523,48.808923
"bnp_paribas","lucrative",2.419969,48.822926
"bnp_paribas","lucrative",2.460141,48.814902
"bnp_paribas","lucrative",2.518624,48.772566
"bnp_paribas","lucrative",2.390372,48.764773
"bnp_paribas","lucrative",2.366441,48.795374
"bnp_paribas","lucrative",2.367012,48.78906
"bnp_paribas","lucrative",2.447558,48.733088
"bnp_paribas","lucrative",2.422146,48.735216
"bnp_paribas","lucrative",2.542755,48.8237
"bnp_paribas","lucrative",2.434969,48.847188
"bnp_paribas","lucrative",2.440309,48.84782
"bnp_paribas","lucrative",2.435335,48.848487
"bnp_paribas","lucrative",2.382187,48.798733
"bnp_paribas","lucrative",2.401684,48.800741
"bnp_paribas","lucrative",2.251784,48.943216
"bnp_paribas","lucrative",2.255354,48.946993
"bnp_paribas","lucrative",2.223228,48.940463
"bnp_paribas","lucrative",2.413884,48.992929
"bnp_paribas","lucrative",2.174309,49.070684
"bnp_paribas","lucrative",2.198161,49.009112
"bnp_paribas","lucrative",2.285121,49.142427
"bnp_paribas","lucrative",2.215401,48.926565
"bnp_paribas","lucrative",2.077636,49.036078
"bnp_paribas","lucrative",2.010466,49.049445
"bnp_paribas","lucrative",2.194243,48.969464
"bnp_paribas","lucrative",2.323939,48.975113
"bnp_paribas","lucrative",2.334218,49.030714
"bnp_paribas","lucrative",2.283986,48.992586
"bnp_paribas","lucrative",2.271393,48.982345
"bnp_paribas","lucrative",2.306687,48.973415
"bnp_paribas","lucrative",2.307042,48.970601
"bnp_paribas","lucrative",2.089446,49.016278
"bnp_paribas","lucrative",2.258208,48.989232
"bnp_paribas","lucrative",2.522301,49.09908
"bnp_paribas","lucrative",2.228001,48.98394
"bnp_paribas","lucrative",2.399901,48.971884
"bnp_paribas","lucrative",2.448652,48.986239
"bnp_paribas","lucrative",2.474743,49.031418
"bnp_paribas","lucrative",2.348356,48.986202
"bnp_paribas","lucrative",2.167004,48.990957
"bnp_paribas","lucrative",2.028801,49.010898
"bnp_paribas","lucrative",2.217168,49.111292
"bnp_paribas","lucrative",2.506113,49.047857
"bnp_paribas","lucrative",2.319228,48.988488
"bnp_paribas","lucrative",2.06672,49.061619
"bnp_paribas","lucrative",2.096026,49.048529
"bnp_paribas","lucrative",2.103061,49.049625
"bnp_paribas","lucrative",2.356452,48.997697
"bnp_paribas","lucrative",2.28463,48.96755
"bnp_paribas","lucrative",2.246073,49.017496
"bnp_paribas","lucrative",2.105784,49.046392
"bnp_paribas","lucrative",2.262856,48.969981
"bnp_paribas","lucrative",2.377999,48.993655
"bnp_paribas","lucrative",2.374803,48.976992
"bnp_paribas","lucrative",2.300852,48.98737
"bnp_paribas","lucrative",2.225226,49.026081
"bnp_paribas","lucrative",2.369735,49.12601
"bnp_paribas","lucrative",2.389757,49.00796
