"Banque","Type","Adresse"
"Crédit Mutuel","Coopérative","32 AVENUE DU GENERAL DE GAULLE ,  01500 ,  AMBERIEU EN BUGEY"
"Crédit Mutuel","Coopérative","11 PLACE VAUGELAS ,  01800 ,  MEXIMIEUX"
"Crédit Mutuel","Coopérative","1103 RUE DE GENEVE ,  01120 ,  DAGNEUX"
"Crédit Mutuel","Coopérative","434 AVENUE CHARLES DE GAULLE ,  01330 ,  VILLARS LES DOMBES"
"Crédit Mutuel","Coopérative","8 RUE GRAMMONT ,  38230 ,  PONT DE CHERUY"
"Crédit Mutuel","Coopérative","1 AVENUE ALPHONSE BAUDIN ,  01000 ,  BOURG EN BRESSE"
"Crédit Mutuel","Coopérative","1 RUE CHARLES ROBIN ,  01000 ,  BOURG EN BRESSE"
"Crédit Mutuel","Coopérative","4 COURS DE VERDUN ,  01000 ,  BOURG EN BRESSE"
"Crédit Mutuel","Coopérative","22 BOULEVARD DU MAIL ,  01300 ,  BELLEY"
"Crédit Mutuel","Coopérative","66 B RUE DE LA REPUBLIQUE ,  69330 ,  MEYZIEU"
"Crédit Mutuel","Coopérative","918 GRANDE RUE ,  01700 ,  MIRIBEL"
"Crédit Mutuel","Coopérative","112 AVENUE JEAN JAURES ,  69150 ,  DECINES CHARPIEU"
"Crédit Mutuel","Coopérative","3006 ROUTE DE STRASBOURG ,  69140 ,  RILLIEUX LA PAPE"
"Crédit Mutuel","Coopérative","5 AVENUE DU PROGRES ,  69680 ,  CHASSIEU"
"Crédit Mutuel","Coopérative","1 MONTEE DU CHATEAU ,  69720 ,  ST BONNET DE MURE"
"Crédit Mutuel","Coopérative","20 RUE EMILE ZOLA ,  69120 ,  VAULX EN VELIN"
"Crédit Mutuel","Coopérative","395 AVENUE LESDIGUIERES ,  38290 ,  LA VERPILLIERE"
"Crédit Mutuel","Coopérative","40 RUE DES SAYES ,  38080 ,  L ISLE D ABEAU"
"Crédit Mutuel","Coopérative","1 RUE DE LA REPUBLIQUE ,  01200 ,  VALSERHONE"
"Crédit Mutuel","Coopérative","5 RUE BICHAT ,  01100 ,  OYONNAX"
"Crédit Mutuel","Coopérative","3 RUE DU CRET DU BIEF ,  39170 ,  LAVANS LES ST CLAUDE"
"Crédit Mutuel","Coopérative","70 RUE DU PRE ,  39201 ,  ST CLAUDE"
"Crédit Mutuel","Coopérative","23 RUE DE GENEVE ,  01630 ,  ST GENIS POUILLY"
"Crédit Mutuel","Coopérative","RUE DES TERREAUX ,  01170 ,  GEX"
"Crédit Mutuel","Coopérative","17 GRAND RUE ,  01210 ,  FERNEY VOLTAIRE"
"Crédit Mutuel","Coopérative","2 RUE MONSEIGNEUR PAGET ,  74160 ,  ST JULIEN EN GENEVOIS"
"Crédit Mutuel","Coopérative","970 ROUTE BLANCHE ,  39220 ,  LES ROUSSES"
"Crédit Mutuel","Coopérative","203 AVENUE DE GENEVE ,  01220 ,  DIVONNE LES BAINS"
"Crédit Mutuel","Coopérative","17 PLACE CENTRALE ,  74270 ,  FRANGY"
"Crédit Mutuel","Coopérative","102 RUE DE GENEVE ,  74240 ,  GAILLARD"
"Crédit Mutuel","Coopérative","11 BOULEVARD GAMBETTA ,  39000 ,  LONS LE SAUNIER"
"Crédit Mutuel","Coopérative","75 COURS SULLY ,  39000 ,  LONS LE SAUNIER"
"Crédit Mutuel","Coopérative","260 GRAND RUE ,  74350 ,  CRUSEILLES"
"Crédit Mutuel","Coopérative","2 RUE DES VOIRONS ,  74100 ,  ANNEMASSE"
"Crédit Mutuel","Coopérative","8 RUE CHARLES DUPRAZ ,  74100 ,  ANNEMASSE"
"Crédit Mutuel","Coopérative","45 AVENUE DU GRAND PORT ,  73100 ,  AIX LES BAINS"
"Crédit Mutuel","Coopérative","1 PLACE DU REVARD ,  73100 ,  AIX LES BAINS"
"Crédit Mutuel","Coopérative","45 RUE HENRI SECRET ,  74540 ,  ST FELIX"
"Crédit Mutuel","Coopérative","38 AVENUE GANTIN ,  74150 ,  RUMILLY"
"Crédit Mutuel","Coopérative","241 AVENUE COSTA DE BEAUREGARD ,  73290 ,  LA MOTTE SERVOLEX"
"Crédit Mutuel","Coopérative","AVENUE JEAN JAURES ,  73330 ,  LE PONT DE BEAUVOISIN"
"Crédit Mutuel","Coopérative","124 ALLEE ALBERT SYLVESTRE ,  73000 ,  CHAMBERY"
"Crédit Mutuel","Coopérative","16 RUE FRANCOIS GUISE ,  73000 ,  CHAMBERY"
"Crédit Mutuel","Coopérative","10 PLACE DE GENEVE ,  73000 ,  CHAMBERY"
"Crédit Mutuel","Coopérative","59 BOULEVARD GAMBETTA ,  38110 ,  LA TOUR DU PIN"
"Crédit Mutuel","Coopérative","331 AVENUE DE TURIN ,  73000 ,  CHAMBERY"
"Crédit Mutuel","Coopérative","13 AVENUE DE TURIN ,  73000 ,  BASSENS"
"Crédit Mutuel","Coopérative","47 AVENUE DE CHAMP FLEURI ,  74600 ,  ANNECY"
"Crédit Mutuel","Coopérative","AVENUE DENIS THERME ,  73630 ,  LE CHATELARD"
"Crédit Mutuel","Coopérative","10 ROUTE DE FRANGY ,  74960 ,  ANNECY"
"Crédit Mutuel","Coopérative","111 AVENUE ROGER SALENGRO ,  69100 ,  VILLEURBANNE"
"Crédit Mutuel","Coopérative","1 AVENUE ARISTIDE BRIAND ,  69100 ,  VILLEURBANNE"
"Crédit Mutuel","Coopérative","33 PLACE JULES GRANDCLEMENT ,  69100 ,  VILLEURBANNE"
"Crédit Mutuel","Coopérative","5 MONTEE CASTELLANE ,  69300 ,  CALUIRE ET CUIRE"
"Crédit Mutuel","Coopérative","18 COURS EMILE ZOLA ,  69100 ,  VILLEURBANNE"
"Crédit Mutuel","Coopérative","12 QUAI PASTEUR ,  69250 ,  NEUVILLE SUR SAONE"
"Crédit Mutuel","Coopérative","3 COURS EMILE ZOLA ,  69100 ,  VILLEURBANNE"
"Crédit Mutuel","Coopérative","70 COURS DOCTEUR LONG ,  69003 ,  LYON"
"Crédit Mutuel","Coopérative","140 AVENUE FRANKLIN ROOSEVELT ,  69500 ,  BRON"
"Crédit Mutuel","Coopérative","36 COURS VITTON ,  69006 ,  LYON"
"Crédit Mutuel","Coopérative","31 RUE GARIBALDI ,  69006 ,  LYON"
"Crédit Mutuel","Coopérative","34 AVENUE LACASSAGNE ,  69003 ,  LYON"
"Crédit Mutuel","Coopérative","154 COURS LAFAYETTE ,  69003 ,  LYON"
"Crédit Mutuel","Coopérative","1313 AVENUE CHARLES DE GAULLE ,  71000 ,  MACON"
"Crédit Mutuel","Coopérative","75 GRANDE RUE DE LA COUPEE ,  71850 ,  CHARNAY LES MACON"
"Crédit Mutuel","Coopérative","16 RUE DE LA REPUBLIQUE ,  69220 ,  BELLEVILLE"
"Crédit Mutuel","Coopérative","23 RUE DU PALAIS ,  01600 ,  TREVOUX"
"Crédit Mutuel","Coopérative","58 BOULEVARD GENERAL LECLERC ,  69654 ,  VILLEFRANCHE SAONE"
"Crédit Mutuel","Coopérative","1 RUE D ALSACE ,  71500 ,  LOUHANS"
"Crédit Mutuel","Coopérative","58 AVENUE DU PRE AUX MOUTONS ,  69480 ,  ANSE"
"Crédit Mutuel","Coopérative","2 RUE DU VALLON D OR ,  69370 ,  ST DIDIER AU MONT D OR"
"Crédit Mutuel","Coopérative","6 C AVENUE DE L HIPPODROME ,  69890 ,  LA TOUR DE SALVAGNY"
"Crédit Mutuel","Coopérative","5 PLACE PIERRE MARIE DURAND ,  69210 ,  L ARBRESLE"
"Crédit Mutuel","Coopérative","46 AVENUE LANESSAN ,  69410 ,  CHAMPAGNE AU MONT D OR"
"Crédit Mutuel","Coopérative","50 QUAI PAUL SEDALLIAN ,  69009 ,  LYON"
"Crédit Mutuel","Coopérative","8 RUE RHIN ET DANUBE ,  69337 ,  LYON"
"Crédit Mutuel","Coopérative","2 RUE DU 24 MARS 1852 ,  69009 ,  LYON"
"Crédit Mutuel","Coopérative","PLACE JOANNES AMBRE ,  69004 ,  LYON"
"Crédit Mutuel","Coopérative","SQUARE DE VERDUN ,  69260 ,  CHARBONNIERES LES BAINS"
"Crédit Mutuel","Coopérative","90 RUE DU CENTRE ,  74140 ,  DOUVAINE"
"Crédit Mutuel","Coopérative","16 AVENUE DES CHARMES ,  74140 ,  SCIEZ"
"Crédit Mutuel","Coopérative","54 AVENUE DU LEMAN ,  74890 ,  BONS EN CHABLAIS"
"Crédit Mutuel","Coopérative","1075 ROUTE DES TATTES DE BORLY ,  74380 ,  CRANVES SALES"
"Crédit Mutuel","Coopérative","30 AVENUE DE GENEVE ,  74200 ,  THONON LES BAINS"
"Crédit Mutuel","Coopérative","12 AVENUE DU GENERAL DE GAULLE ,  74200 ,  THONON LES BAINS"
"Crédit Mutuel","Coopérative","217 RUE DE LA VALLEE VERTE ,  74420 ,  BOEGE"
"Crédit Mutuel","Coopérative","24 RUE DU DOCTEUR GOY ,  74930 ,  REIGNIER ESERY"
"Crédit Mutuel","Coopérative","163 RUE DE LA DRANSE ,  74360 ,  ABONDANCE"
"Crédit Mutuel","Coopérative","16 ALLEE DE LA THYOLLIRE ,  74250 ,  VIUZ EN SALLAZ"
"Crédit Mutuel","Coopérative","157 RUE CARNOT ,  74800 ,  LA ROCHE SUR FORON"
"Crédit Mutuel","Coopérative","18 RUE DUQUESNE ,  69006 ,  LYON"
"Crédit Mutuel","Coopérative","5 RUE MEZELLE ,  69170 ,  TARARE"
"Crédit Mutuel","Coopérative","30 ROUTE DE DOLE ,  71380 ,  ST MARCEL"
"Crédit Mutuel","Coopérative","2 AVENUE GEORGES POMPIDOU ,  71100 ,  CHALON SUR SAONE"
"Crédit Mutuel","Coopérative","6 B RUE OLIVIER MESSIAEN ,  71100 ,  CHALON SUR SAONE"
"Crédit Mutuel","Coopérative","21 BOULEVARD DE LA REPUBLIQUE ,  71100 ,  CHALON SUR SAONE"
"Crédit Mutuel","Coopérative","24 BOULEVARD DE LA REPUBLIQUE ,  71100 ,  CHALON SUR SAONE"
"Crédit Mutuel","Coopérative","22 PLACE DE BEAUNE ,  71100 ,  CHALON SUR SAONE"
"Crédit Mutuel","Coopérative","4 RUE BENOIT TABARD ,  69130 ,  ECULLY"
"Crédit Mutuel","Coopérative","226 ROUTE D ANNECY ,  74370 ,  ANNECY"
"Crédit Mutuel","Coopérative","2 RUE LUCIE AUBRAC ,  74000 ,  ANNECY"
"Crédit Mutuel","Coopérative","17 AVENUE DE LA REPUBLIQUE ,  74960 ,  ANNECY"
"Crédit Mutuel","Coopérative","99 AVENUE DE GENEVE ,  74054 ,  ANNECY"
"Crédit Mutuel","Coopérative","5 AVENUE BERTHOLLET ,  74000 ,  ANNECY"
"Crédit Mutuel","Coopérative","63 RUE CARNOT ,  02400 ,  CHATEAU THIERRY"
"Crédit Mutuel","Coopérative","2 PLACE DU DOCTEUR MOUFLIER ,  02600 ,  VILLERS COTTERETS"
"Crédit Mutuel","Coopérative","15 COURS GAMBETTA ,  77120 ,  COULOMMIERS"
"Crédit Mutuel","Coopérative","2 RUE CHARPENTIER ,  02200 ,  SOISSONS"
"Crédit Mutuel","Coopérative","2 RUE DE CHAAGE ,  77100 ,  MEAUX"
"Crédit Mutuel","Coopérative","5 RUE JEAN PIERROT ,  51200 ,  EPERNAY"
"Crédit Mutuel","Coopérative","64 RUE NATIONALE ,  60800 ,  CREPY EN VALOIS"
"Crédit Mutuel","Coopérative","6 RUE HENRI MOISSAN ,  51430 ,  BEZANNES"
"Crédit Mutuel","Coopérative","58 PLACE DE L EGLISE ,  60330 ,  LE PLESSIS BELLEVILLE"
"Crédit Mutuel","Coopérative","36 RUE DE MAGNY ,  77700 ,  BAILLY ROMAINVILLIERS"
"Crédit Mutuel","Coopérative","2 T RUE DES ANEMONES ,  51430 ,  TINQUEUX"
"Crédit Mutuel","Coopérative","14 COURS DU DANUBE ,  77700 ,  SERRIS"
"Crédit Mutuel","Coopérative","14 RUE EDOUARD MIGNOT ,  51064 ,  REIMS"
"Crédit Mutuel","Coopérative","21 RUE CONDORCET ,  51100 ,  REIMS"
"Crédit Mutuel","Coopérative","23 ESPLANADE FLECHAMBAULT ,  51100 ,  REIMS"
"Crédit Mutuel","Coopérative","79 AVENUE DE LAON ,  51100 ,  REIMS"
"Crédit Mutuel","Coopérative","10 PLACE DE L HOTEL DE VILLE ,  02300 ,  CHAUNY"
"Crédit Mutuel","Coopérative","25 PLACE BERTRAND LABARRE ,  60400 ,  NOYON"
"Crédit Mutuel","Coopérative","1 RUE NOTRE DAME ,  80400 ,  HAM"
"Crédit Mutuel","Coopérative","2 RUE ANATOLE DE LA FORGE ,  02100 ,  ST QUENTIN"
"Crédit Mutuel","Coopérative","28 RUE D ISLE ,  02100 ,  ST QUENTIN"
"Crédit Mutuel","Coopérative","3 PLACE CROMMELIN ,  02100 ,  ST QUENTIN"
"Crédit Mutuel","Coopérative","5 PLACE VICTOR HUGO ,  02000 ,  LAON"
"Crédit Mutuel","Coopérative","18 RUE D AMIENS ,  80700 ,  ROYE"
"Crédit Mutuel","Coopérative","16 RUE D AMIENS ,  60200 ,  COMPIEGNE"
"Crédit Mutuel","Coopérative","4 PLACE SAINT JACQUES ,  60200 ,  COMPIEGNE"
"Crédit Mutuel","Coopérative","6 PLACE DE L ANCIEN HOPITAL ,  60200 ,  COMPIEGNE"
"Crédit Mutuel","Coopérative","18 PLACE DU CDT LOUIS DAUDRE ,  80200 ,  PERONNE"
"Crédit Mutuel","Coopérative","34 RUE LOUIS PIERRE DUGROSPREZ ,  60610 ,  LACROIX ST OUEN"
"Crédit Mutuel","Coopérative","50 PLACE D ARMES ,  02120 ,  GUISE"
"Crédit Mutuel","Coopérative","581 AVENUE DU GENERAL DE GAULLE ,  59231 ,  GOUZEAUCOURT"
"Crédit Mutuel","Coopérative","10 RUE HENRI BODCHON ,  60700 ,  PONT STE MAXENCE"
"Crédit Mutuel","Coopérative","10 PLACE SADI CARNOT ,  59360 ,  LE CATEAU CAMBRESIS"
"Crédit Mutuel","Coopérative","15 PLACE ANDRE BONNAIRE ,  59550 ,  LANDRECIES"
"Crédit Mutuel","Coopérative","12 PLACE EUGENE FIEVET ,  59540 ,  CAUDRY"
"Crédit Mutuel","Coopérative","10 RUE CHARLES DE GAULLE ,  02500 ,  HIRSON"
"Crédit Mutuel","Coopérative","28 RUE JEAN JAURES ,  59610 ,  FOURMIES"
"Crédit Mutuel","Coopérative","12 RUE SAINT BARTHELEMY ,  59440 ,  AVESNES SUR HELPE"
"Crédit Mutuel","Coopérative","5 RUE EMILE DUEE ,  59730 ,  SOLESMES"
"Crédit Mutuel","Coopérative","16 AVENUE DE LA GARE ,  59440 ,  AVESNES SUR HELPE"
"Crédit Mutuel","Coopérative","27 RUE JEAN JAURES ,  59620 ,  AULNOYE AYMERIES"
"Crédit Mutuel","Coopérative","13 RUE CAMELINAT ,  59129 ,  AVESNES LES AUBERT"
"Crédit Mutuel","Coopérative","18 RUE JEAN JAURES ,  59530 ,  LE QUESNOY"
"Crédit Mutuel","Coopérative","24 RUE DU GENERAL DE GAULLE ,  59400 ,  CAMBRAI"
"Crédit Mutuel","Coopérative","58 AVENUE DE LA VICTOIRE ,  59400 ,  CAMBRAI"
"Crédit Mutuel","Coopérative","16 GRAND PLACE ,  59740 ,  SOLRE LE CHATEAU"
"Crédit Mutuel","Coopérative","36 PLACE DE GAULLE ,  59330 ,  HAUTMONT"
"Crédit Mutuel","Coopérative","46 RUE GAMBETTA ,  08500 ,  REVIN"
"Crédit Mutuel","Coopérative","1 PLACE DES NATIONS ,  59600 ,  MAUBEUGE"
"Crédit Mutuel","Coopérative","68 RUE HECTOR DESPRET ,  59460 ,  JEUMONT"
"Crédit Mutuel","Coopérative","20 PLACE DU 11 NOVEMBRE ,  59570 ,  BAVAY"
"Crédit Mutuel","Coopérative","1 RUE NOEL ,  08000 ,  CHARLEVILLE MEZIERES"
"Crédit Mutuel","Coopérative","2 PLACE DE NEVERS ,  08102 ,  CHARLEVILLE MEZIERES"
"Crédit Mutuel","Coopérative","14 AVENUE D ARCHES ,  08000 ,  CHARLEVILLE MEZIERES"
"Crédit Mutuel","Coopérative","2 RUE BAUDIN ,  08000 ,  CHARLEVILLE MEZIERES"
"Crédit Mutuel","Coopérative","61 AVENUE NATIONALE ,  51100 ,  REIMS"
"Crédit Mutuel","Coopérative","146 AVENUE JEAN JAURES ,  51100 ,  REIMS"
"Crédit Mutuel","Coopérative","23 GRAND PLACE ,  62147 ,  HERMIES"
"Crédit Mutuel","Coopérative","123 AVENUE DE VALENCIENNES ,  59400 ,  CAMBRAI"
"Crédit Mutuel","Coopérative","20 PLACE HENRI IV ,  60300 ,  SENLIS"
"Crédit Mutuel","Coopérative","12 PLACE DE LA LIBERTE ,  95470 ,  FOSSES"
"Crédit Mutuel","Coopérative","24 RUE GAMBETTA ,  60100 ,  CREIL"
"Crédit Mutuel","Coopérative","93 RUE DU GENERAL DE GAULLE ,  60180 ,  NOGENT SUR OISE"
"Crédit Mutuel","Coopérative","142 RUE DU CONNETABLE ,  60500 ,  CHANTILLY"
"Crédit Mutuel","Coopérative","7 PLACE DE LA ROCHEFOUCAULD ,  60140 ,  LIANCOURT"
"Crédit Mutuel","Coopérative","16 RUE DU PRESIDENT WILSON ,  03200 ,  VICHY"
"Crédit Mutuel","Coopérative","42 PLACE VICTOR HUGO ,  03300 ,  CUSSET"
"Crédit Mutuel","Coopérative","53 BOULEVARD LEDRU ROLLIN ,  03500 ,  ST POURCAIN SUR SIOULE"
"Crédit Mutuel","Coopérative","27 AVENUE DU GENERAL DE GAULLE ,  63300 ,  THIERS"
"Crédit Mutuel","Coopérative","1 PLACE MALOUET ,  63200 ,  RIOM"
"Crédit Mutuel","Coopérative","100 AVENUE JEAN JAURES ,  63200 ,  MOZAC"
"Crédit Mutuel","Coopérative","19 RUE DE L HOTEL DE VILLE ,  63430 ,  PONT DU CHATEAU"
"Crédit Mutuel","Coopérative","3 AVENUE DU 8 MAI ,  63118 ,  CEBAZAT"
"Crédit Mutuel","Coopérative","PLACE DU TREVE ,  42430 ,  ST JUST EN CHEVALET"
"Crédit Mutuel","Coopérative","3 PLACE DE LA FONTAINE ,  63100 ,  CLERMONT FERRAND"
"Crédit Mutuel","Coopérative","4 RUE CLAUDE PEURIERE ,  42440 ,  NOIRETABLE"
"Crédit Mutuel","Coopérative","26 PLACE DELILLE ,  63000 ,  CLERMONT FERRAND"
"Crédit Mutuel","Coopérative","2 PLACE JOSEPH GARDET ,  63800 ,  COURNON D AUVERGNE"
"Crédit Mutuel","Coopérative","59 B BOULEVARD LAFAYETTE ,  63000 ,  CLERMONT FERRAND"
"Crédit Mutuel","Coopérative","81 RUE FONTGIEVE ,  63004 ,  CLERMONT FERRAND"
"Crédit Mutuel","Coopérative","10 RUE DES SALLES ,  63000 ,  CLERMONT FERRAND"
"Crédit Mutuel","Coopérative","61 B RUE BLATIN ,  63000 ,  CLERMONT FERRAND"
"Crédit Mutuel","Coopérative","61 RUE BLATIN ,  63000 ,  CLERMONT FERRAND"
"Crédit Mutuel","Coopérative","18 PLACE DU 14 JUILLET ,  03600 ,  COMMENTRY"
"Crédit Mutuel","Coopérative","9 BOULEVARD DE COURTAIS ,  03100 ,  MONTLUCON"
"Crédit Mutuel","Coopérative","59 AVENUE ALBERT THOMAS ,  03100 ,  MONTLUCON"
"Crédit Mutuel","Coopérative","30 RUE NATIONALE ,  18200 ,  ST AMAND MONTROND"
"Crédit Mutuel","Coopérative","27 RUE GAMBETTA ,  03000 ,  MOULINS"
"Crédit Mutuel","Coopérative","26 PLACE JULES FERRY ,  03400 ,  YZEURE"
"Crédit Mutuel","Coopérative","30 B AVENUE DE ROYAT ,  63400 ,  CHAMALIERES"
"Crédit Mutuel","Coopérative","32 AVENUE DU GENERAL DE GAULLE ,  71160 ,  DIGOIN"
"Crédit Mutuel","Coopérative","315 AVENUE CHARLES DE GAULLE ,  42153 ,  RIORGES"
"Crédit Mutuel","Coopérative","23 PLACE VICTOR HUGO ,  42300 ,  ROANNE"
"Crédit Mutuel","Coopérative","2 PLACE DE L HOTEL DE VILLE ,  42300 ,  ROANNE"
"Crédit Mutuel","Coopérative","42 AVENUE DE LA LIBERATION ,  42120 ,  LE COTEAU"
"Crédit Mutuel","Coopérative","31 PLACE BONNYAUD ,  23000 ,  GUERET"
"Crédit Mutuel","Coopérative","25 RUE ZIZIM ,  23400 ,  BOURGANEUF"
"Crédit Mutuel","Coopérative","10 RUE COLBERT ,  08300 ,  RETHEL"
"Crédit Mutuel","Coopérative","9 PLACE DU CHAMP DE FOIRE ,  58302 ,  DECIZE"
"Crédit Mutuel","Coopérative","1 AVENUE JEAN PAUL II ,  71600 ,  PARAY LE MONIAL"
"Crédit Mutuel","Coopérative","26 B RUE DE LA LIBERTE ,  71130 ,  GUEUGNON"
"Crédit Mutuel","Coopérative","8 B PLACE CARNOT ,  58002 ,  NEVERS"
"Crédit Mutuel","Coopérative","88 B RUE HENRY BOUQUILLARD ,  58000 ,  NEVERS"
"Crédit Mutuel","Coopérative","64 BOULEVARD CAMILLE DAGONNEAU ,  58640 ,  VARENNES VAUZELLES"
"Crédit Mutuel","Coopérative","27 RUE NATIONALE ,  71420 ,  GENELARD"
"Crédit Mutuel","Coopérative","15 PLACE DE LA BOUVERIE ,  42190 ,  CHARLIEU"
"Crédit Mutuel","Coopérative","15 AVENUE LAZARE CARNOT ,  83300 ,  DRAGUIGNAN"
"Crédit Mutuel","Coopérative","24 PLACE GENERAL DE GAULLE ,  04000 ,  DIGNE LES BAINS"
"Crédit Mutuel","Coopérative","45 CHEMIN DE L ORME ,  06130 ,  GRASSE"
"Crédit Mutuel","Coopérative","27 AVENUE DE CANNES ,  06370 ,  MOUANS SARTOUX"
"Crédit Mutuel","Coopérative","589 AVENUE DE CANNES ,  06210 ,  MANDELIEU LA NAPOULE"
"Crédit Mutuel","Coopérative","142 AVENUE FRANCIS TONNER ,  06150 ,  CANNES"
"Crédit Mutuel","Coopérative","33 RUE ALBERT EINAUDI ,  83600 ,  FREJUS"
"Crédit Mutuel","Coopérative","14 AVENUE DE LA RESISTANCE ,  06140 ,  VENCE"
"Crédit Mutuel","Coopérative","274 AVENUE DE GRASSE ,  06400 ,  CANNES"
"Crédit Mutuel","Coopérative","98 B BOULEVARD SADI CARNOT ,  06110 ,  LE CANNET"
"Crédit Mutuel","Coopérative","139 QUAI ALBERT 1ER ,  83700 ,  ST RAPHAEL"
"Crédit Mutuel","Coopérative","87 RUE FELIX FAURE ,  06400 ,  CANNES"
"Crédit Mutuel","Coopérative","1 AVENUE DU TAPIS VERT ,  06220 ,  VALLAURIS"
"Crédit Mutuel","Coopérative","8 AVENUE DOCTEUR JULIEN LEFEBVRE ,  06270 ,  VILLENEUVE LOUBET"
"Crédit Mutuel","Coopérative","3 AVENUE DE L HOTEL DES POSTES ,  06800 ,  CAGNES SUR MER"
"Crédit Mutuel","Coopérative","4 AVENUE PIERRE DE COUBERTIN ,  06200 ,  NICE"
"Crédit Mutuel","Coopérative","CARREFOUR DES DIABLES BLEUS ,  06600 ,  ANTIBES"
"Crédit Mutuel","Coopérative","117 BOULEVARD DU PRESIDENT WILSON ,  06160 ,  ANTIBES"
"Crédit Mutuel","Coopérative","73 AVENUE DU GENERAL LECLERC ,  06700 ,  ST LAURENT DU VAR"
"Crédit Mutuel","Coopérative","8 BOULEVARD ELEMIR BOURGES ,  04100 ,  MANOSQUE"
"Crédit Mutuel","Coopérative","4 RUE FAURE DU SERRE ,  05000 ,  GAP"
"Crédit Mutuel","Coopérative","29 RUE DENIS PAPIN ,  84120 ,  PERTUIS"
"Crédit Mutuel","Coopérative","248 AVENUE GABRIEL PERI ,  83470 ,  ST MAXIMIN LA STE BAUME"
"Crédit Mutuel","Coopérative","6 RUE VITRY ,  83170 ,  BRIGNOLES"
"Crédit Mutuel","Coopérative","30 AVENUE DE LA GRANDE BEGUDE ,  13770 ,  VENELLES"
"Crédit Mutuel","Coopérative","34 COURS MIRABEAU ,  13100 ,  AIX EN PROVENCE"
"Crédit Mutuel","Coopérative","531 AVENUE PAUL JULIEN ,  13100 ,  LE THOLONET"
"Crédit Mutuel","Coopérative","6 PLACE JEANNE D ARC ,  13100 ,  AIX EN PROVENCE"
"Crédit Mutuel","Coopérative","6 COURS DES MINIMES ,  13100 ,  AIX EN PROVENCE"
"Crédit Mutuel","Coopérative","30 AVENUE DE L EUROPE ,  13090 ,  AIX EN PROVENCE"
"Crédit Mutuel","Coopérative","190 RUE MARCELLE ISOARD ,  13090 ,  AIX EN PROVENCE"
"Crédit Mutuel","Coopérative","131 PLACE DE VERDUN ,  84201 ,  CARPENTRAS"
"Crédit Mutuel","Coopérative","92 COURS BOURNISSAC ,  84306 ,  CAVAILLON"
"Crédit Mutuel","Coopérative","4 COURS DE LA REPUBLIQUE ,  13120 ,  GARDANNE"
"Crédit Mutuel","Coopérative","53 AVENUE DES MARRONNIERS ,  13112 ,  LA DESTROUSSE"
"Crédit Mutuel","Coopérative","7 ALLEES DE CRAPONNE ,  13300 ,  SALON DE PROVENCE"
"Crédit Mutuel","Coopérative","2 AVENUE HENRI ROCHIER ,  26110 ,  NYONS"
"Crédit Mutuel","Coopérative","670 AVENUE DU CANTON VERT ,  13190 ,  ALLAUCH"
"Crédit Mutuel","Coopérative","10 AVENUE DU 8 MAI 1945 ,  13240 ,  SEPTEMES LES VALLONS"
"Crédit Mutuel","Coopérative","107 BOULEVARD BARA ,  13013 ,  MARSEILLE"
"Crédit Mutuel","Coopérative","1 RUE CHARLES BORELLO ,  84600 ,  VALREAS"
"Crédit Mutuel","Coopérative","5 AVENUE DU GENERAL DE GAULLE ,  05100 ,  BRIANCON"
"Crédit Mutuel","Coopérative","20 RUE DUCROZ ,  73300 ,  ST JEAN DE MAURIENNE"
"Crédit Mutuel","Coopérative","105 AVENUE DU 8 MAI 1945 ,  73600 ,  MOUTIERS TARENTAISE"
"Crédit Mutuel","Coopérative","613 ROUTE DE GRENOBLE ,  38420 ,  LE VERSOUD"
"Crédit Mutuel","Coopérative","742 AVENUE MAURICE THOREZ ,  38220 ,  VIZILLE"
"Crédit Mutuel","Coopérative","907 AVENUE AMBROISE CROIZAT ,  38920 ,  CROLLES"
"Crédit Mutuel","Coopérative","RUE DE PREPONTIN ,  38660 ,  LE TOUVET"
"Crédit Mutuel","Coopérative","10 PLACE ANTOINE PERRIER ,  73110 ,  LA ROCHETTE"
"Crédit Mutuel","Coopérative","112 AVENUE AMBROISE CROIZAT ,  38400 ,  ST MARTIN D HERES"
"Crédit Mutuel","Coopérative","35 GRANDE RUE ,  73220 ,  VAL D ARC"
"Crédit Mutuel","Coopérative","42 AVENUE DE LA PLAINE FLEURIE ,  38240 ,  MEYLAN"
"Crédit Mutuel","Coopérative","42 AVENUE DU 8 MAI 1945 ,  38130 ,  ECHIROLLES"
"Crédit Mutuel","Coopérative","998 AVENUE DE LA GARE ,  38530 ,  PONTCHARRA"
"Crédit Mutuel","Coopérative","41 RUE ALFRED DE VIGNY ,  38100 ,  GRENOBLE"
"Crédit Mutuel","Coopérative","22 PLACE DE LA LIBERATION ,  38450 ,  VIF"
"Crédit Mutuel","Coopérative","11 PLACE GUSTAVE RIVET ,  38000 ,  GRENOBLE"
"Crédit Mutuel","Coopérative","3 PLACE DOCTEUR GIRARD ,  38000 ,  GRENOBLE"
"Crédit Mutuel","Coopérative","8 AVENUE ALSACE LORRAINE ,  38000 ,  GRENOBLE"
"Crédit Mutuel","Coopérative","100 AVENUE GENERAL DE GAULLE ,  38180 ,  SEYSSINS"
"Crédit Mutuel","Coopérative","46 BOULEVARD JOSEPH VALLIER ,  38000 ,  GRENOBLE"
"Crédit Mutuel","Coopérative","2 RUE AMPERE ,  38000 ,  GRENOBLE"
"Crédit Mutuel","Coopérative","1 PLACE FIRMIN GAUTIER ,  38027 ,  GRENOBLE"
"Crédit Mutuel","Coopérative","2 RUE JEAN MACE ,  38000 ,  GRENOBLE"
"Crédit Mutuel","Coopérative","130 B AVENUE DU VERCORS ,  38600 ,  FONTAINE"
"Crédit Mutuel","Coopérative","455 PROMENADE DES ANGLAIS ,  06200 ,  NICE"
"Crédit Mutuel","Coopérative","254 AVENUE DE LA CALIFORNIE ,  06200 ,  NICE"
"Crédit Mutuel","Coopérative","24 AVENUE DE LA CALIFORNIE ,  06200 ,  NICE"
"Crédit Mutuel","Coopérative","24 RUE DE LA REPUBLIQUE ,  06500 ,  MENTON"
"Crédit Mutuel","Coopérative","102 BOULEVARD GENERAL DE GAULLE ,  06340 ,  LA TRINITE"
"Crédit Mutuel","Coopérative","35 RUE BARBERIS ,  06300 ,  NICE"
"Crédit Mutuel","Coopérative","19 RUE PASTORELLI ,  06000 ,  NICE"
"Crédit Mutuel","Coopérative","21 RUE ALEXANDRE MARI ,  06300 ,  NICE"
"Crédit Mutuel","Coopérative","29 AVENUE JEAN MEDECIN ,  06011 ,  NICE"
"Crédit Mutuel","Coopérative","21 RUE DE LA BUFFA ,  06007 ,  NICE"
"Crédit Mutuel","Coopérative","69 BOULEVARD GORBELLA ,  06100 ,  NICE"
"Crédit Mutuel","Coopérative","28 BOULEVARD JOSEPH GARNIER ,  06000 ,  NICE"
"Crédit Mutuel","Coopérative","20 AVENUE DE L EUROPE ,  07100 ,  ANNONAY"
"Crédit Mutuel","Coopérative","15 RUE DE LA JUSTICE ,  07430 ,  DAVEZIEUX"
"Crédit Mutuel","Coopérative","5 AVENUE DESIRE VALETTE ,  26240 ,  ST VALLIER"
"Crédit Mutuel","Coopérative","46 RUE DU 19 MARS 1962 ,  38150 ,  SALAISE SUR SANNE"
"Crédit Mutuel","Coopérative","14 PLACE RAMBAUD ,  26140 ,  ANNEYRON"
"Crédit Mutuel","Coopérative","104 RUE DE LA REPUBLIQUE ,  38550 ,  LE PEAGE DE ROUSSILLON"
"Crédit Mutuel","Coopérative","28 AVENUE MARECHAL FOCH ,  07300 ,  TOURNON SUR RHONE"
"Crédit Mutuel","Coopérative","450 AVENUE DES LOTS ,  26600 ,  TAIN L HERMITAGE"
"Crédit Mutuel","Coopérative","10 RUE DE LA LIBERTE ,  69420 ,  CONDRIEU"
"Crédit Mutuel","Coopérative","81 COURS FAURIEL ,  42100 ,  ST ETIENNE"
"Crédit Mutuel","Coopérative","PLACE SAINT PIERRE ,  42400 ,  ST CHAMOND"
"Crédit Mutuel","Coopérative","4 PLACE BELLEVUE ,  42100 ,  ST ETIENNE"
"Crédit Mutuel","Coopérative","11 RUE DES DOCTEURS CHARCOT ,  42100 ,  ST ETIENNE"
"Crédit Mutuel","Coopérative","3 B RUE LOUIS PASTEUR ,  42320 ,  LA GRAND CROIX"
"Crédit Mutuel","Coopérative","16 RUE GAMBETTA ,  42000 ,  ST ETIENNE"
"Crédit Mutuel","Coopérative","27 RUE DE LA RESISTANCE ,  42000 ,  ST ETIENNE"
"Crédit Mutuel","Coopérative","12 PLACE DE L HOTEL DE VILLE ,  42000 ,  ST ETIENNE"
"Crédit Mutuel","Coopérative","3 RUE BERGSON ,  42000 ,  ST ETIENNE"
"Crédit Mutuel","Coopérative","7 RUE D ANNONAY ,  43190 ,  TENCE"
"Crédit Mutuel","Coopérative","46 RUE DE LA TELEMATIQUE ,  42952 ,  ST ETIENNE"
"Crédit Mutuel","Coopérative","43 BOULEVARD GAMBETTA ,  07200 ,  AUBENAS"
"Crédit Mutuel","Coopérative","6 CHEMIN DE PONSON ,  07200 ,  AUBENAS"
"Crédit Mutuel","Coopérative","5 COURS DU PALAIS ,  07000 ,  PRIVAS"
"Crédit Mutuel","Coopérative","40 RUE DE LA REPUBLIQUE ,  07400 ,  LE TEIL"
"Crédit Mutuel","Coopérative","15 BOULEVARD MARRE DESMARAIS ,  26200 ,  MONTELIMAR"
"Crédit Mutuel","Coopérative","198 ROUTE DE MARSEILLE ,  26200 ,  MONTELIMAR"
"Crédit Mutuel","Coopérative","9 PLACE FREDERIC MISTRAL ,  07700 ,  BOURG ST ANDEOL"
"Crédit Mutuel","Coopérative","5 AVENUE JEAN PERRIN ,  26700 ,  PIERRELATTE"
"Crédit Mutuel","Coopérative","ZONE ARTISANALE DES CROZES ,  26270 ,  LORIOL SUR DROME"
"Crédit Mutuel","Coopérative","6 PLACE DU BARRY ,  07700 ,  ST JUST D ARDECHE"
"Crédit Mutuel","Coopérative","17 PLACE DE LA LIBERATION ,  26130 ,  ST PAUL TROIS CHATEAUX"
"Crédit Mutuel","Coopérative","170 AVENUE JEAN MOULIN ,  84500 ,  BOLLENE"
"Crédit Mutuel","Coopérative","55 B RUE JEAN JAURES ,  26800 ,  PORTES LES VALENCE"
"Crédit Mutuel","Coopérative","471 AVENUE VICTOR HUGO ,  26000 ,  VALENCE"
"Crédit Mutuel","Coopérative","9 PLACE DE L HOTEL DE VILLE ,  07130 ,  ST PERAY"
"Crédit Mutuel","Coopérative","8 RUE ARISTIDE DUMONT ,  26400 ,  CREST"
"Crédit Mutuel","Coopérative","652 AVENUE DE LA REPUBLIQUE ,  07500 ,  GUILHERAND GRANGES"
"Crédit Mutuel","Coopérative","28 AVENUE VICTOR HUGO ,  26000 ,  VALENCE"
"Crédit Mutuel","Coopérative","189 RUE FAVENTINES ,  26000 ,  VALENCE"
"Crédit Mutuel","Coopérative","1 AVENUE GENERAL DE GAULLE ,  30200 ,  BAGNOLS SUR CEZE"
"Crédit Mutuel","Coopérative","139 RUE DU COLONEL ARNAUD BELTRAME ,  84100 ,  ORANGE"
"Crédit Mutuel","Coopérative","903 ROUTE DE NIMES ,  30700 ,  UZES"
"Crédit Mutuel","Coopérative","98 AVENUE DU GENERAL LECLERC ,  30400 ,  VILLENEUVE LES AVIGNON"
"Crédit Mutuel","Coopérative","67 RUE JEAN JAURES ,  42800 ,  RIVE DE GIER"
"Crédit Mutuel","Coopérative","2 COURS ROMESTANG ,  38200 ,  VIENNE"
"Crédit Mutuel","Coopérative","26 AVENUE MARC URTIN ,  26500 ,  BOURG LES VALENCE"
"Crédit Mutuel","Coopérative","21 RUE HENRI BARBUSSE ,  26000 ,  VALENCE"
"Crédit Mutuel","Coopérative","22 AVENUE DE VALENCE ,  26120 ,  CHABEUIL"
"Crédit Mutuel","Coopérative","PLACE DE DELAY D AGIER ,  26300 ,  BOURG DE PEAGE"
"Crédit Mutuel","Coopérative","PLACE JULES NADI ,  26100 ,  ROMANS SUR ISERE"
"Crédit Mutuel","Coopérative","86 AVENUE JEAN MOULIN ,  26100 ,  ROMANS SUR ISERE"
"Crédit Mutuel","Coopérative","75 AVENUE DU MAQUIS ,  26100 ,  ROMANS SUR ISERE"
"Crédit Mutuel","Coopérative","2 PLACE CARNOT ,  84000 ,  AVIGNON"
"Crédit Mutuel","Coopérative","20 BOULEVARD SAINT ROCH ,  84000 ,  AVIGNON"
"Crédit Mutuel","Coopérative","58 RUE JEAN ET RENE REINAUDO ,  84130 ,  LE PONTET"
"Crédit Mutuel","Coopérative","25 AVENUE DU MARECHAL LECLERC ,  08200 ,  SEDAN"
"Crédit Mutuel","Coopérative","55 PLACE DE LA REPUBLIQUE ,  55700 ,  STENAY"
"Crédit Mutuel","Coopérative","12 RUE BOURNIZET ,  08400 ,  VOUZIERS"
"Crédit Mutuel","Coopérative","48 RUE DE DEAUVILLE ,  54263 ,  LONGUYON"
"Crédit Mutuel","Coopérative","48 RUE GAMBETTA ,  08600 ,  GIVET"
"Crédit Mutuel","Coopérative","3 RUE MERCY ,  54400 ,  LONGWY"
"Crédit Mutuel","Coopérative","40 RUE JEANNE D ARC ,  54350 ,  MONT ST MARTIN"
"Crédit Mutuel","Coopérative","PLACE DU GENERAL LECLERC ,  54403 ,  LONGWY"
"Crédit Mutuel","Coopérative","114 RUE DE PARIS ,  54440 ,  HERSERANGE"
"Crédit Mutuel","Coopérative","85 AVENUE BOGDAN POLITANSKI ,  54810 ,  LONGLAVILLE"
"Crédit Mutuel","Coopérative","29 RUE CHAUSSEE ,  55102 ,  VERDUN"
"Crédit Mutuel","Coopérative","RUE DE LA CROISETTE ,  54970 ,  LANDRES"
"Crédit Mutuel","Coopérative","56 B AVENUE JACQUES SIMON ,  51470 ,  ST MEMMIE"
"Crédit Mutuel","Coopérative","11 PLACE DU 59E REGIMENT D INFANTERIE ,  09001 ,  FOIX"
"Crédit Mutuel","Coopérative","3 RUE DE LA REPUBLIQUE ,  09104 ,  PAMIERS"
"Crédit Mutuel","Coopérative","2 AVENUE ARISTIDE BERGES ,  09200 ,  ST GIRONS"
"Crédit Mutuel","Coopérative","16 B ROUTE DE TOULOUSE ,  31190 ,  AUTERIVE"
"Crédit Mutuel","Coopérative","7 AVENUE DE TOULOUSE ,  31390 ,  CARBONNE"
"Crédit Mutuel","Coopérative","12 RUE MARECHAL FOCH ,  11400 ,  CASTELNAUDARY"
"Crédit Mutuel","Coopérative","80 RUE DE LA REPUBLIQUE ,  31290 ,  VILLEFRANCHE DE LAURAGAIS"
"Crédit Mutuel","Coopérative","22 RUE JEAN JAURES ,  11300 ,  LIMOUX"
"Crédit Mutuel","Coopérative","7 PLACE VINCENT AURIOL ,  31860 ,  LABARTHE SUR LEZE"
"Crédit Mutuel","Coopérative","1 QUAI PIERRE CORNUS ,  31600 ,  MURET"
"Crédit Mutuel","Coopérative","48 AVENUE JACQUES DOUZANS ,  31600 ,  MURET"
"Crédit Mutuel","Coopérative","37 RUE JEAN INGRES ,  31320 ,  CASTANET TOLOSAN"
"Crédit Mutuel","Coopérative","585 RUE GASPARD MONGE ,  11000 ,  CARCASSONNE"
"Crédit Mutuel","Coopérative","1 RUE DE L AUTAN ,  31670 ,  LABEGE"
"Crédit Mutuel","Coopérative","1 RUE MARIUS AUDOUY ,  31250 ,  REVEL"
"Crédit Mutuel","Coopérative","11 PLACE DE LA REPUBLIQUE ,  31120 ,  PORTET SUR GARONNE"
"Crédit Mutuel","Coopérative","60 AVENUE DE GAMEVILLE ,  31650 ,  ST ORENS DE GAMEVILLE"
"Crédit Mutuel","Coopérative","55 RUE DE LA REPUBLIQUE ,  31270 ,  FROUZINS"
"Crédit Mutuel","Coopérative","65 AVENUE TOLOSANE ,  31520 ,  RAMONVILLE ST AGNE"
"Crédit Mutuel","Coopérative","41 RUE DE VERDUN ,  11002 ,  CARCASSONNE"
"Crédit Mutuel","Coopérative","29 RUE EDOUARD BARBEY ,  81200 ,  MAZAMET"
"Crédit Mutuel","Coopérative","4 RUE DU PRE VICINAL ,  31270 ,  CUGNAUX"
"Crédit Mutuel","Coopérative","284 AVENUE ANTOINE DE SAINT EXUPERY ,  31400 ,  TOULOUSE"
"Crédit Mutuel","Coopérative","20 BOULEVARD CHARLES DE GAULLE ,  31800 ,  ST GAUDENS"
"Crédit Mutuel","Coopérative","2178 ROUTE DE TARBES ,  31470 ,  FONSORBES"
"Crédit Mutuel","Coopérative","68 RUE GEORGES CLEMENCEAU ,  65300 ,  LANNEMEZAN"
"Crédit Mutuel","Coopérative","43 AVENUE DES PYRENEES ,  31830 ,  PLAISANCE DU TOUCH"
"Crédit Mutuel","Coopérative","55 RUE GASTON DOUMERGUE ,  31170 ,  TOURNEFEUILLE"
"Crédit Mutuel","Coopérative","2 RUE DE CHALONS ,  10700 ,  ARCIS SUR AUBE"
"Crédit Mutuel","Coopérative","16 B AVENUE ROGER SALENGRO ,  10600 ,  LA CHAPELLE ST LUC"
"Crédit Mutuel","Coopérative","5 B RUE DE LA REPUBLIQUE ,  10000 ,  TROYES"
"Crédit Mutuel","Coopérative","2 PLACE DU VOULDY ,  10006 ,  TROYES"
"Crédit Mutuel","Coopérative","33 AVENUE DU GENERAL GALLIENI ,  10300 ,  STE SAVINE"
"Crédit Mutuel","Coopérative","46 AVENUE PIERRE BROSSOLETTE ,  10000 ,  TROYES"
"Crédit Mutuel","Coopérative","96 ROUTE D AUXERRE ,  10120 ,  ST ANDRE LES VERGERS"
"Crédit Mutuel","Coopérative","21 RUE DE LA BOULE D OR ,  10100 ,  ROMILLY SUR SEINE"
"Crédit Mutuel","Coopérative","70 RUE DE L ECOLE MILITAIRE ,  10500 ,  BRIENNE LE CHATEAU"
"Crédit Mutuel","Coopérative","20 PLACE DE LA HALLE ,  51300 ,  VITRY LE FRANCOIS"
"Crédit Mutuel","Coopérative","11 RUE LOCHET ,  51000 ,  CHALONS EN CHAMPAGNE"
"Crédit Mutuel","Coopérative","51 AVENUE DU PR PAUL PORTIER ,  10110 ,  BAR SUR SEINE"
"Crédit Mutuel","Coopérative","149 RUE NATIONALE ,  10200 ,  BAR SUR AUBE"
"Crédit Mutuel","Coopérative","10 RUE DU DOCTEUR MOUGEOT ,  52100 ,  ST DIZIER"
"Crédit Mutuel","Coopérative","3 PLACE SAINT AYOUL ,  77160 ,  PROVINS"
"Crédit Mutuel","Coopérative","17 GRANDE RUE ,  89600 ,  ST FLORENTIN"
"Crédit Mutuel","Coopérative","68 RUE VICTOIRE DE LA MARNE ,  52004 ,  CHAUMONT"
"Crédit Mutuel","Coopérative","5 PLACE MARMONT ,  21400 ,  CHATILLON SUR SEINE"
"Crédit Mutuel","Coopérative","70 RUE DIDEROT ,  52200 ,  LANGRES"
"Crédit Mutuel","Coopérative","1 B PLACE DE LA REPUBLIQUE ,  89700 ,  TONNERRE"
"Crédit Mutuel","Coopérative","3 BOULEVARD DE LA ROCHELLE ,  55000 ,  BAR LE DUC"
"Crédit Mutuel","Coopérative","PLACE LEON GAMBETTA ,  21500 ,  MONTBARD"
"Crédit Mutuel","Coopérative","26 RUE DE FRANCE ,  88301 ,  NEUFCHATEAU"
"Crédit Mutuel","Coopérative","15 RUE MAL DE LATTRE DE TASSIGNY ,  89800 ,  CHABLIS"
"Crédit Mutuel","Coopérative","3 AVENUE JEAN JAURES ,  21150 ,  VENAREY LES LAUMES"
"Crédit Mutuel","Coopérative","67 AVENUE JEAN JAURES ,  89400 ,  MIGENNES"
"Crédit Mutuel","Coopérative","99 RUE DE LA REPUBLIQUE ,  89100 ,  SENS"
"Crédit Mutuel","Coopérative","9 RUE LORRAINE ,  89100 ,  ST DENIS LES SENS"
"Crédit Mutuel","Coopérative","2 AVENUE GAMBETTA ,  89300 ,  JOIGNY"
"Crédit Mutuel","Coopérative","11 PLACE DUPONT PERROT ,  77370 ,  NANGIS"
"Crédit Mutuel","Coopérative","19 RUE JEAN JAURES ,  77130 ,  MONTEREAU FAULT YONNE"
"Crédit Mutuel","Coopérative","34 RUE CARNOT ,  89500 ,  VILLENEUVE SUR YONNE"
"Crédit Mutuel","Coopérative","50 RUE GRANDE ,  77250 ,  MORET LOING ET ORVANNE"
"Crédit Mutuel","Coopérative","2 BOULEVARD RAYMOND VITTOZ ,  81100 ,  CASTRES"
"Crédit Mutuel","Coopérative","18 PLACE PIERRE FABRE ,  81100 ,  CASTRES"
"Crédit Mutuel","Coopérative","15 ALLEES JEAN JAURES ,  81500 ,  LAVAUR"
"Crédit Mutuel","Coopérative","34 AVENUE CHARLES DE GAULLE ,  81300 ,  GRAULHET"
"Crédit Mutuel","Coopérative","6 ROUTE DE CASTRES ,  31130 ,  QUINT FONSEGRIVES"
"Crédit Mutuel","Coopérative","48 RUE JEAN JAURES ,  11100 ,  NARBONNE"
"Crédit Mutuel","Coopérative","96 AVENUE DE GRUISSAN ,  11100 ,  NARBONNE"
"Crédit Mutuel","Coopérative","24 ALLEES PAUL RIQUET ,  34500 ,  BEZIERS"
"Crédit Mutuel","Coopérative","7 COURS LAZARE ESCARGUEL ,  66000 ,  PERPIGNAN"
"Crédit Mutuel","Coopérative","230 AVENUE VICTOR DALBIEZ ,  66000 ,  PERPIGNAN"
"Crédit Mutuel","Coopérative","16 AVENUE DE LA VOIE DOMITIENNE ,  34500 ,  BEZIERS"
"Crédit Mutuel","Coopérative","41 BOULEVARD JOHN FITZGERALD KENNEDY ,  66100 ,  PERPIGNAN"
"Crédit Mutuel","Coopérative","1 CHEMIN DE SAINT GAUDERIQUE ,  66330 ,  CABESTANY"
"Crédit Mutuel","Coopérative","1 RUE GRAND CAP ,  34300 ,  AGDE"
"Crédit Mutuel","Coopérative","2 AVENUE FRANCOIS HUE ,  34120 ,  PEZENAS"
"Crédit Mutuel","Coopérative","15 QUAI MAL DE LATTRE DE TASSIGNY ,  34200 ,  SETE"
"Crédit Mutuel","Coopérative","27 AVENUE GENERAL DE GAULLE ,  34110 ,  FRONTIGNAN"
"Crédit Mutuel","Coopérative","5 ROUTE DE MONTPELLIER ,  34430 ,  ST JEAN DE VEDAS"
"Crédit Mutuel","Coopérative","81 RUE MARIUS CARRIEU ,  34080 ,  MONTPELLIER"
"Crédit Mutuel","Coopérative","21 BOULEVARD CHARLES DE GAULLE ,  12400 ,  ST AFFRIQUE"
"Crédit Mutuel","Coopérative","59 AVENUE DE TOULOUSE ,  34070 ,  MONTPELLIER"
"Crédit Mutuel","Coopérative","172 PLACE ARAGON ,  34970 ,  LATTES"
"Crédit Mutuel","Coopérative","18 BOULEVARD VICTOR HUGO ,  34000 ,  MONTPELLIER"
"Crédit Mutuel","Coopérative","24 BOULEVARD JOSEPH POULENC ,  12500 ,  ESPALION"
"Crédit Mutuel","Coopérative","10 B AVENUE DE LA GINESTE ,  12000 ,  RODEZ"
"Crédit Mutuel","Coopérative","2 RUE EUGENE VIALA ,  12000 ,  RODEZ"
"Crédit Mutuel","Coopérative","9 AVENUE GAMBETTA ,  15000 ,  AURILLAC"
"Crédit Mutuel","Coopérative","10 AVENUE JEAN JAURES ,  12100 ,  MILLAU"
"Crédit Mutuel","Coopérative","7 BOULEVARD HENRI BOURRILLON ,  48000 ,  MENDE"
"Crédit Mutuel","Coopérative","8 QUAI ALBERT BESSIERES ,  46100 ,  FIGEAC"
"Crédit Mutuel","Coopérative","9 PLACE DE LA REPUBLIQUE ,  12200 ,  VILLEFRANCHE DE ROUERGUE"
"Crédit Mutuel","Coopérative","10 COURS SPY DES TERNES ,  15100 ,  ST FLOUR"
"Crédit Mutuel","Coopérative","19 BOULEVARD DE STRASBOURG ,  81000 ,  ALBI"
"Crédit Mutuel","Coopérative","7 PLACE LAPEROUSE ,  81000 ,  ALBI"
"Crédit Mutuel","Coopérative","51 AVENUE FRANCOIS VERDIER ,  81000 ,  ALBI"
"Crédit Mutuel","Coopérative","15 AVENUE CHARLES PERIE ,  15200 ,  MAURIAC"
"Crédit Mutuel","Coopérative","8 PLACE DE LA LIBERATION ,  81600 ,  GAILLAC"
"Crédit Mutuel","Coopérative","CITE LAFAYETTE ,  43100 ,  BRIOUDE"
"Crédit Mutuel","Coopérative","16 AVENUE CHARLES MASSOT ,  43750 ,  VALS PRES LE PUY"
"Crédit Mutuel","Coopérative","19 BOULEVARD GAMBETTA ,  46000 ,  CAHORS"
"Crédit Mutuel","Coopérative","15 RUE DE LA REPUBLIQUE ,  30100 ,  ALES"
"Crédit Mutuel","Coopérative","4 PLACE EMILE MARTIN ,  34090 ,  MONTPELLIER"
"Crédit Mutuel","Coopérative","3 AVENUE ARISTIDE BRIAND ,  34170 ,  CASTELNAU LE LEZ"
"Crédit Mutuel","Coopérative","140 ROUTE DE LA POMPIGNANE ,  34170 ,  CASTELNAU LE LEZ"
"Crédit Mutuel","Coopérative","33 BOULEVARD LEONCE GRANIE ,  82300 ,  CAUSSADE"
"Crédit Mutuel","Coopérative","845 AVENUE JEAN MOULIN ,  82000 ,  MONTAUBAN"
"Crédit Mutuel","Coopérative","110 RUE FRANCOIS MAURIAC ,  82000 ,  MONTAUBAN"
"Crédit Mutuel","Coopérative","1 GRAND RUE VILLENOUVELLE ,  82000 ,  MONTAUBAN"
"Crédit Mutuel","Coopérative","8 ALLEE DE L EMPEREUR ,  82000 ,  MONTAUBAN"
"Crédit Mutuel","Coopérative","2 PLACE JEAN JAURES ,  81370 ,  ST SULPICE LA POINTE"
"Crédit Mutuel","Coopérative","ROUTE NATIONALE 113 ,  13170 ,  LES PENNES MIRABEAU"
"Crédit Mutuel","Coopérative","43 AVENUE DENIS PADOVANI ,  13127 ,  VITROLLES"
"Crédit Mutuel","Coopérative","803 BOULEVARD ABBADIE ,  13730 ,  ST VICTORET"
"Crédit Mutuel","Coopérative","85 AVENUE DE SAINT LOUIS ,  13015 ,  MARSEILLE"
"Crédit Mutuel","Coopérative","11 COURS MIRABEAU ,  13700 ,  MARIGNANE"
"Crédit Mutuel","Coopérative","85 ROUTE DES CAMOINS ,  13011 ,  MARSEILLE"
"Crédit Mutuel","Coopérative","8 ROUTE DE LA SABLIERE ,  13011 ,  MARSEILLE"
"Crédit Mutuel","Coopérative","97 AVENUE WILLIAM BOOTH ,  13012 ,  MARSEILLE"
"Crédit Mutuel","Coopérative","26 RUE MONTAIGNE ,  13012 ,  MARSEILLE"
"Crédit Mutuel","Coopérative","160 BOULEVARD VOLTAIRE ,  13821 ,  LA PENNE SUR HUVEAUNE"
"Crédit Mutuel","Coopérative","221 AVENUE DES CHARTREUX ,  13004 ,  MARSEILLE"
"Crédit Mutuel","Coopérative","159 BOULEVARD DE PONT DE VIVAUX ,  13010 ,  MARSEILLE"
"Crédit Mutuel","Coopérative","1 A BOULEVARD SAKAKINI ,  13004 ,  MARSEILLE"
"Crédit Mutuel","Coopérative","4 B COURS MARECHAL FOCH ,  13400 ,  AUBAGNE"
"Crédit Mutuel","Coopérative","47 ALLEE LEON GAMBETTA ,  13001 ,  MARSEILLE"
"Crédit Mutuel","Coopérative","65 LA CANEBIERE ,  13001 ,  MARSEILLE"
"Crédit Mutuel","Coopérative","105 AVENUE CAMILLE PELLETAN ,  13003 ,  MARSEILLE"
"Crédit Mutuel","Coopérative","4 BOULEVARD BAILLE ,  13006 ,  MARSEILLE"
"Crédit Mutuel","Coopérative","19 BOULEVARD DE SAINTE MARGUERITE ,  13009 ,  MARSEILLE"
"Crédit Mutuel","Coopérative","33 RUE DE LA REPUBLIQUE ,  13002 ,  MARSEILLE"
"Crédit Mutuel","Coopérative","141 AVENUE DU PRADO ,  13008 ,  MARSEILLE"
"Crédit Mutuel","Coopérative","66 RUE DE LA REPUBLIQUE ,  13200 ,  ARLES"
"Crédit Mutuel","Coopérative","7 COURS ARISTIDE BRIAND ,  13150 ,  TARASCON"
"Crédit Mutuel","Coopérative","3 AVENUE DE LA REPUBLIQUE ,  13310 ,  ST MARTIN DE CRAU"
"Crédit Mutuel","Coopérative","26 BOULEVARD MARCEAU ,  13210 ,  ST REMY DE PROVENCE"
"Crédit Mutuel","Coopérative","102 ALLEE DE SEVILLE ,  30900 ,  NIMES"
"Crédit Mutuel","Coopérative","84 B AVENUE JEAN JAURES ,  30900 ,  NIMES"
"Crédit Mutuel","Coopérative","8 PLACE QUESTEL ,  30902 ,  NIMES"
"Crédit Mutuel","Coopérative","3 AVENUE LEO LAGRANGE ,  13160 ,  CHATEAURENARD"
"Crédit Mutuel","Coopérative","6 RUE CURIE ,  13140 ,  MIRAMAS"
"Crédit Mutuel","Coopérative","28 AVENUE HELENE BOUCHER ,  13800 ,  ISTRES"
"Crédit Mutuel","Coopérative","8 AVENUE JEAN JAURES ,  13270 ,  FOS SUR MER"
"Crédit Mutuel","Coopérative","26 PLACE DENFERT ROCHEREAU ,  34400 ,  LUNEL"
"Crédit Mutuel","Coopérative","2 AVENUE CHARCOT ,  13470 ,  CARNOUX EN PROVENCE"
"Crédit Mutuel","Coopérative","14 RUE DE L ARENE ,  13260 ,  CASSIS"
"Crédit Mutuel","Coopérative","46 BOULEVARD DU CABOT ,  13009 ,  MARSEILLE"
"Crédit Mutuel","Coopérative","RUE BOURONNE ,  13600 ,  LA CIOTAT"
"Crédit Mutuel","Coopérative","105 RUE EMILE ZOLA ,  13009 ,  MARSEILLE"
"Crédit Mutuel","Coopérative","217 AVENUE DE MAZARGUES ,  13008 ,  MARSEILLE"
"Crédit Mutuel","Coopérative","14 AVENUE DE LA LIBERATION ,  13130 ,  BERRE L ETANG"
"Crédit Mutuel","Coopérative","58 CHEMIN DE PATAFLOUX ,  13220 ,  CHATEAUNEUF LES MARTIGUES"
"Crédit Mutuel","Coopérative","7 ESPLANADE DES BELGES ,  13500 ,  MARTIGUES"
"Crédit Mutuel","Coopérative","15 RUE CHARLES NEDELEC ,  13110 ,  PORT DE BOUC"
"Crédit Mutuel","Coopérative","246 CONTRE ALLEE DU RIGAUDON ,  83270 ,  ST CYR SUR MER"
"Crédit Mutuel","Coopérative","494 AVENUE DU PRADO ,  13008 ,  MARSEILLE"
"Crédit Mutuel","Coopérative","21 QUAI DU GEN CHARLES DE GAULLE ,  83110 ,  SANARY SUR MER"
"Crédit Mutuel","Coopérative","1256 AVENUE JEAN MONNET ,  83190 ,  OLLIOULES"
"Crédit Mutuel","Coopérative","24 PLACE DES POILUS ,  83140 ,  SIX FOURS LES PLAGES"
"Crédit Mutuel","Coopérative","17 QUAI DE LA JOLIETTE ,  13002 ,  MARSEILLE"
"Crédit Mutuel","Coopérative","8 AVENUE DE LA CORSE ,  13007 ,  MARSEILLE"
"Crédit Mutuel","Coopérative","490 AVENUE DU PRADO ,  13008 ,  MARSEILLE"
"Crédit Mutuel","Coopérative","1 RUE DE TROARN ,  14370 ,  ARGENCES"
"Crédit Mutuel","Coopérative","3 RUE LEOPOLD SENGHOR ,  14460 ,  COLOMBELLES"
"Crédit Mutuel","Coopérative","47 AVENUE JEAN VILAR ,  14123 ,  IFS"
"Crédit Mutuel","Coopérative","107 RUE DE FALAISE ,  14000 ,  CAEN"
"Crédit Mutuel","Coopérative","11 RUE DE LA GARE ,  14000 ,  CAEN"
"Crédit Mutuel","Coopérative","19 AVENUE DE LA GRANDE CAVEE ,  14200 ,  HEROUVILLE ST CLAIR"
"Crédit Mutuel","Coopérative","19 QUAI DE JUILLET ,  14000 ,  CAEN"
"Crédit Mutuel","Coopérative","40 AVENUE DU 6 JUIN ,  14000 ,  CAEN"
"Crédit Mutuel","Coopérative","17 RUE DU 11 NOVEMBRE ,  14052 ,  CAEN"
"Crédit Mutuel","Coopérative","6 QUAI VENDEUVRE ,  14000 ,  CAEN"
"Crédit Mutuel","Coopérative","12 RUE QUADRANT ,  14123 ,  FLEURY SUR ORNE"
"Crédit Mutuel","Coopérative","116 BOULEVARD MARECHAL LECLERC ,  14000 ,  CAEN"
"Crédit Mutuel","Coopérative","41 RUE DE FALAISE ,  14170 ,  ST PIERRE EN AUGE"
"Crédit Mutuel","Coopérative","10 RUE ECUYERE ,  14000 ,  CAEN"
"Crédit Mutuel","Coopérative","15 AVENUE HENRY CHERON ,  14000 ,  CAEN"
"Crédit Mutuel","Coopérative","18 BOULEVARD GEORGES POMPIDOU ,  14000 ,  CAEN"
"Crédit Mutuel","Coopérative","20 RUE PAUL CANTA ,  14160 ,  DIVES SUR MER"
"Crédit Mutuel","Coopérative","35 AVENUE DE LA MER ,  14150 ,  OUISTREHAM"
"Crédit Mutuel","Coopérative","8 RUE SAINT PATRICE ,  14400 ,  BAYEUX"
"Crédit Mutuel","Coopérative","10 RUE DE BALLEROY ,  14330 ,  LE MOLAY LITTRY"
"Crédit Mutuel","Coopérative","30 RUE GEORGES CLEMENCEAU ,  14310 ,  VILLERS BOCAGE"
"Crédit Mutuel","Coopérative","14 RUE LOUIS LELIEVRE ,  14440 ,  DOUVRES LA DELIVRANDE"
"Crédit Mutuel","Coopérative","1 RUE DE CAEN ,  14260 ,  LES MONTS D AUNAY"
"Crédit Mutuel","Coopérative","27 PLACE DU GENERAL DE GAULLE ,  14230 ,  ISIGNY SUR MER"
"Crédit Mutuel","Coopérative","1 RUE DE CONDE ,  14220 ,  LE HOM"
"Crédit Mutuel","Coopérative","7 PLACE BELLE CROIX ,  14700 ,  FALAISE"
"Crédit Mutuel","Coopérative","27 RUE DU VIEUX CHATEAU ,  14110 ,  CONDE EN NORMANDIE"
"Crédit Mutuel","Coopérative","12 PLACE SAINT VIGOR ,  61430 ,  ATHIS VAL DE ROUVRE"
"Crédit Mutuel","Coopérative","15 PLACE CHARLESTON ,  61100 ,  FLERS"
"Crédit Mutuel","Coopérative","14 BOULEVARD DU GENERAL DE GAULLE ,  61440 ,  MESSEI"
"Crédit Mutuel","Coopérative","73 GRANDE RUE ,  61800 ,  TINCHEBRAY"
"Crédit Mutuel","Coopérative","4 RUE DU DOCTEUR PETIT ,  61220 ,  BRIOUZE"
"Crédit Mutuel","Coopérative","8 RUE DE LA ROCHE ,  61210 ,  PUTANGES LE LAC"
"Crédit Mutuel","Coopérative","25 RUE GENERAL LECLERC ,  14500 ,  VIRE NORMANDIE"
"Crédit Mutuel","Coopérative","5 RUE SAINT MICHEL ,  61700 ,  LONLAY L ABBAYE"
"Crédit Mutuel","Coopérative","7 RUE DU MARECHAL FOCH ,  61700 ,  DOMFRONT EN POIRAIE"
"Crédit Mutuel","Coopérative","20 RUE GENERAL MILLET ,  50150 ,  SOURDEVAL"
"Crédit Mutuel","Coopérative","15 RUE DU CHATEAU ,  61600 ,  LA FERTE MACE"
"Crédit Mutuel","Coopérative","1 AVENUE ROBERT COUSIN ,  61140 ,  BAGNOLES DE L ORNE NORMANDIE"
"Crédit Mutuel","Coopérative","27 RUE DE DOMFRONT ,  61140 ,  LA CHAPELLE D ANDAINE"
"Crédit Mutuel","Coopérative","15 RUE DES BAINS ,  14360 ,  TROUVILLE SUR MER"
"Crédit Mutuel","Coopérative","25 RUE SAINT MICHEL ,  14130 ,  PONT L EVEQUE"
"Crédit Mutuel","Coopérative","21 RUE DU DAUPHIN ,  14600 ,  HONFLEUR"
"Crédit Mutuel","Coopérative","11 QUAI DE LA MARNE ,  76600 ,  LE HAVRE"
"Crédit Mutuel","Coopérative","70 RUE CONSTANT FOUCHE ,  27210 ,  BEUZEVILLE"
"Crédit Mutuel","Coopérative","21 RUE JOSEPH MADEC ,  76610 ,  LE HAVRE"
"Crédit Mutuel","Coopérative","178 RUE MARECHAL JOFFRE ,  76600 ,  LE HAVRE"
"Crédit Mutuel","Coopérative","56 PLACE DE L HOTEL DE VILLE ,  76600 ,  LE HAVRE"
"Crédit Mutuel","Coopérative","63 PLACE DES HALLES CENTRALES ,  76600 ,  LE HAVRE"
"Crédit Mutuel","Coopérative","22 RUE IRENE JOLIOT CURIE ,  76620 ,  LE HAVRE"
"Crédit Mutuel","Coopérative","34 PLACE FRANCOIS MITTERRAND ,  76290 ,  MONTIVILLIERS"
"Crédit Mutuel","Coopérative","3 RUE DE VITANVAL ,  76310 ,  STE ADRESSE"
"Crédit Mutuel","Coopérative","20 PLACE THEODULE BENOIST ,  76430 ,  ST ROMAIN DE COLBOSC"
"Crédit Mutuel","Coopérative","5 PLACE DE VERDUN ,  27500 ,  PONT AUDEMER"
"Crédit Mutuel","Coopérative","44 RUE DE LA REPUBLIQUE ,  76210 ,  BOLBEC"
"Crédit Mutuel","Coopérative","4 PLACE DU GENERAL DE GAULLE ,  76170 ,  LILLEBONNE"
"Crédit Mutuel","Coopérative","78 RUE HENRY CHERON ,  14100 ,  LISIEUX"
"Crédit Mutuel","Coopérative","17 RUE SEBLINE ,  50500 ,  CARENTAN LES MARAIS"
"Crédit Mutuel","Coopérative","55 RUE DU GENERAL DE GAULLE ,  50480 ,  STE MERE EGLISE"
"Crédit Mutuel","Coopérative","5 RUE DU CREUSET ,  50009 ,  ST LO"
"Crédit Mutuel","Coopérative","103 RUE TORTERON ,  50000 ,  ST LO"
"Crédit Mutuel","Coopérative","11 RUE OCTAVE FEUILLET ,  50000 ,  ST LO"
"Crédit Mutuel","Coopérative","24 RUE DE LA MARNE ,  50360 ,  PICAUVILLE"
"Crédit Mutuel","Coopérative","2 PLACE DU DOCTEUR GUILLARD ,  50570 ,  MARIGNY LE LOZON"
"Crédit Mutuel","Coopérative","5 RUE DE LA HALLE ,  50190 ,  PERIERS"
"Crédit Mutuel","Coopérative","1 PLACE DU GENERAL DE GAULLE ,  50310 ,  MONTEBOURG"
"Crédit Mutuel","Coopérative","14 RUE ALFRED DUROS ,  50890 ,  CONDE SUR VIRE"
"Crédit Mutuel","Coopérative","13 PLACE AUGUSTE COUSIN ,  50390 ,  ST SAUVEUR LE VICOMTE"
"Crédit Mutuel","Coopérative","18 PLACE DU GENERAL DE GAULLE ,  50250 ,  LA HAYE"
"Crédit Mutuel","Coopérative","13 QUAI VAUBAN ,  50550 ,  ST VAAST LA HOUGUE"
"Crédit Mutuel","Coopérative","4 B RUE THIERS ,  50160 ,  TORIGNY LES VILLES"
"Crédit Mutuel","Coopérative","25 BOULEVARD DIVISION LECLERC ,  50700 ,  VALOGNES"
"Crédit Mutuel","Coopérative","17 RUE DE LA MER ,  50710 ,  CREANCES"
"Crédit Mutuel","Coopérative","8 PLACE JEAN CLAUDE LEMOINE ,  50420 ,  TESSY BOCAGE"
"Crédit Mutuel","Coopérative","6 RUE DU MOULIN ,  61120 ,  VIMOUTIERS"
"Crédit Mutuel","Coopérative","43 RUE DU GENERAL DE GAULLE ,  27300 ,  BERNAY"
"Crédit Mutuel","Coopérative","57 GRANDE RUE ,  61230 ,  GACE"
"Crédit Mutuel","Coopérative","9 RAMPE DE LA COLLEGIALE ,  50140 ,  MORTAIN BOCAGE"
"Crédit Mutuel","Coopérative","2 RUE DU GENERAL DE GAULLE ,  50410 ,  PERCY EN NORMANDIE"
"Crédit Mutuel","Coopérative","19 PLACE DE L HOTEL DE VILLE ,  50370 ,  BRECEY"
"Crédit Mutuel","Coopérative","12 RUE DU GENERAL DE GAULLE ,  50800 ,  VILLEDIEU LES POELES"
"Crédit Mutuel","Coopérative","36 PLACE NATIONALE ,  50600 ,  ST HILAIRE DU HARCOUET"
"Crédit Mutuel","Coopérative","14 AVENUE WINSTON CHURCHILL ,  19000 ,  TULLE"
"Crédit Mutuel","Coopérative","47 AVENUE TURGOT ,  19203 ,  USSEL"
"Crédit Mutuel","Coopérative","2 AVENUE DU 15 AOUT 1944 ,  19360 ,  MALEMORT"
"Crédit Mutuel","Coopérative","50 BOULEVARD GENERAL KOENIG ,  19103 ,  BRIVE LA GAILLARDE"
"Crédit Mutuel","Coopérative","149 AVENUE JEAN CHARLES RIVET ,  19100 ,  BRIVE LA GAILLARDE"
"Crédit Mutuel","Coopérative","14 BOULEVARD DE LA MANLIERE ,  63500 ,  ISSOIRE"
"Crédit Mutuel","Coopérative","8 AVENUE MARECHAL LECLERC ,  63110 ,  BEAUMONT"
"Crédit Mutuel","Coopérative","2 BOULEVARD LOUIS LOUCHEUR ,  63000 ,  CLERMONT FERRAND"
"Crédit Mutuel","Coopérative","1 PLACE DU CLAUZEL ,  43009 ,  LE PUY EN VELAY"
"Crédit Mutuel","Coopérative","127 AVENUE CHARLES DUPUY ,  43700 ,  BRIVES CHARENSAC"
"Crédit Mutuel","Coopérative","23 AVENUE GEORGES CLEMENCEAU ,  63600 ,  AMBERT"
"Crédit Mutuel","Coopérative","113 AVENUE JEAN MOULIN ,  63170 ,  AUBIERE"
"Crédit Mutuel","Coopérative","1 PLACE DE LA VICTOIRE ,  43200 ,  YSSINGEAUX"
"Crédit Mutuel","Coopérative","13 B PLACE DE LA REPUBLIQUE ,  17290 ,  AIGREFEUILLE D AUNIS"
"Crédit Mutuel","Coopérative","32 AVENUE DES FOURNEAUX ,  17690 ,  ANGOULINS"
"Crédit Mutuel","Coopérative","7 BOULEVARD DE LA LIBERATION ,  17340 ,  CHATELAILLON PLAGE"
"Crédit Mutuel","Coopérative","18 RUE ERNEST BERSOT ,  17700 ,  SURGERES"
"Crédit Mutuel","Coopérative","110 GRANDE RUE ,  17180 ,  PERIGNY"
"Crédit Mutuel","Coopérative","53 AVENUE DU COMMANDANT LYSIACK ,  17440 ,  AYTRE"
"Crédit Mutuel","Coopérative","5 PLACE CHARLES DE GAULLE ,  17138 ,  PUILBOREAU"
"Crédit Mutuel","Coopérative","27 BOULEVARD JOFFRE ,  17041 ,  LA ROCHELLE"
"Crédit Mutuel","Coopérative","10 AVENUE JEAN MONNET ,  17000 ,  LA ROCHELLE"
"Crédit Mutuel","Coopérative","2 RUE DU BUSSIN ,  17170 ,  COURCON"
"Crédit Mutuel","Coopérative","32 RUE DUPATY ,  17000 ,  LA ROCHELLE"
"Crédit Mutuel","Coopérative","1 RUE DU BOIS D HURE ,  17140 ,  LAGORD"
"Crédit Mutuel","Coopérative","1 RUE LOUIS PASTEUR ,  17430 ,  TONNAY CHARENTE"
"Crédit Mutuel","Coopérative","32 RUE DE LA HALLE ,  17450 ,  FOURAS"
"Crédit Mutuel","Coopérative","36 B RUE JEAN JAURES ,  17300 ,  ROCHEFORT"
"Crédit Mutuel","Coopérative","259 AVENUE CARNOT ,  17000 ,  LA ROCHELLE"
"Crédit Mutuel","Coopérative","79 AVENUE DU 11 NOVEMBRE 1918 ,  17300 ,  ROCHEFORT"
"Crédit Mutuel","Coopérative","101 ROUTE DE LA ROCHELLE ,  17230 ,  MARANS"
"Crédit Mutuel","Coopérative","3 RUE RENE CAILLE ,  79210 ,  MAUZE SUR LE MIGNON"
"Crédit Mutuel","Coopérative","5 RUE NATIONALE ,  85770 ,  L ILE D ELLE"
"Crédit Mutuel","Coopérative","12 RUE DES CAILLOTIERES ,  17630 ,  LA FLOTTE"
"Crédit Mutuel","Coopérative","32 RUE DE LA REPUBLIQUE ,  17310 ,  ST PIERRE D OLERON"
"Crédit Mutuel","Coopérative","1 BOULEVARD THIERS ,  17480 ,  LE CHATEAU D OLERON"
"Crédit Mutuel","Coopérative","12 ROUTE DE SAINT MARTIN ,  17670 ,  LA COUARDE SUR MER"
"Crédit Mutuel","Coopérative","2 RUE DE LA PART DES ANGES ,  17520 ,  ARCHIAC"
"Crédit Mutuel","Coopérative","23 AVENUE VICTOR HUGO ,  17500 ,  JONZAC"
"Crédit Mutuel","Coopérative","1 COURS ALSACE LORRAINE ,  17800 ,  PONS"
"Crédit Mutuel","Coopérative","103 T AVENUE DE LA REPUBLIQUE ,  17150 ,  MIRAMBEAU"
"Crédit Mutuel","Coopérative","BOULEVARD DE SAINTONGE ,  17130 ,  MONTENDRE"
"Crédit Mutuel","Coopérative","18 AVENUE CHARLES DE GAULLE ,  17610 ,  CHANIERS"
"Crédit Mutuel","Coopérative","3 ZONE ARTISANALE DE PIED SEC ,  17260 ,  GEMOZAC"
"Crédit Mutuel","Coopérative","5 AVENUE DE LA REPUBLIQUE ,  17270 ,  MONTGUYON"
"Crédit Mutuel","Coopérative","1 RUE EUGENE FROMENTIN ,  17100 ,  SAINTES"
"Crédit Mutuel","Coopérative","90 COURS PAUL DOUMER ,  17100 ,  SAINTES"
"Crédit Mutuel","Coopérative","1 RUE D ANGOULEME ,  17160 ,  MATHA"
"Crédit Mutuel","Coopérative","26 BOULEVARD DES DANDONNEAUX ,  17120 ,  COZES"
"Crédit Mutuel","Coopérative","1 PLACE DE LA VICTOIRE ,  17360 ,  ST AIGULIN"
"Crédit Mutuel","Coopérative","1 RUE FOND BOULET ,  17350 ,  ST SAVINIEN"
"Crédit Mutuel","Coopérative","14 RUE GAMBETTA ,  17400 ,  ST JEAN D ANGELY"
"Crédit Mutuel","Coopérative","18 B RUE EUGENE MOUSNIER ,  17600 ,  SAUJON"
"Crédit Mutuel","Coopérative","4 PLACE DE VERDUN ,  17110 ,  ST GEORGES DE DIDONNE"
"Crédit Mutuel","Coopérative","22 PLACE ARISTIDE BRIAND ,  17470 ,  AULNAY"
"Crédit Mutuel","Coopérative","68 AVENUE ANDRE MALRAUX ,  17250 ,  PONT L ABBE D ARNOULT"
"Crédit Mutuel","Coopérative","69 BOULEVARD ARISTIDE BRIAND ,  17200 ,  ROYAN"
"Crédit Mutuel","Coopérative","20 ROUTE DE SAINT CLEMENT ,  17590 ,  ARS EN RE"
"Crédit Mutuel","Coopérative","70 AVENUE VICTOR HUGO ,  85360 ,  LA TRANCHE SUR MER"
"Crédit Mutuel","Coopérative","1 RUE DU PONT NEUF ,  85460 ,  L AIGUILLON SUR MER"
"Crédit Mutuel","Coopérative","7 PLACE DE L HOTEL DE VILLE ,  85520 ,  JARD SUR MER"
"Crédit Mutuel","Coopérative","16 RUE NATIONALE ,  85750 ,  ANGLES"
"Crédit Mutuel","Coopérative","1 RUE DE LA LIBERTE ,  85560 ,  LONGEVILLE SUR MER"
"Crédit Mutuel","Coopérative","4 PLACE DE L ABBAYE ,  85580 ,  ST MICHEL EN L HERM"
"Crédit Mutuel","Coopérative","3 RUE DU BOIS VILAIS ,  85440 ,  AVRILLE"
"Crédit Mutuel","Coopérative","17 RUE DU CHATEAU ,  85440 ,  TALMONT ST HILAIRE"
"Crédit Mutuel","Coopérative","22 AVENUE NAPOLEON 1ER ,  85540 ,  MOUTIERS LES MAUXFAITS"
"Crédit Mutuel","Coopérative","7 PLACE GAMBETTA ,  17390 ,  LA TREMBLADE"
"Crédit Mutuel","Coopérative","11 RUE DES ENTREPRENEURS ,  17320 ,  MARENNES"
"Crédit Mutuel","Coopérative","102 RUE DE LA ROCHE ,  17640 ,  VAUX SUR MER"
"Crédit Mutuel","Coopérative","RUE GEORGES CLEMENCEAU ,  85770 ,  VIX"
"Crédit Mutuel","Coopérative","12 RUE DU CHAMP DE FOIRE ,  85420 ,  MAILLEZAIS"
"Crédit Mutuel","Coopérative","1 A RUE PASTEUR ,  79270 ,  FRONTENAY ROHAN ROHAN"
"Crédit Mutuel","Coopérative","455 AVENUE DU MARAIS POITEVIN ,  79460 ,  MAGNE"
"Crédit Mutuel","Coopérative","7 RUE DE LA COMBE ,  85490 ,  BENET"
"Crédit Mutuel","Coopérative","2 RUE DE L AN VI ,  85450 ,  CHAILLE LES MARAIS"
"Crédit Mutuel","Coopérative","31 RUE FRANCOIS ROY ,  85200 ,  FONTENAY LE COMTE"
"Crédit Mutuel","Coopérative","53 RUE DE LA REPUBLIQUE ,  85200 ,  FONTENAY LE COMTE"
"Crédit Mutuel","Coopérative","15 RUE DU 8 MAI 1945 ,  85370 ,  NALLIERS"
"Crédit Mutuel","Coopérative","10 PLACE DES ACACIAS ,  85401 ,  LUCON"
"Crédit Mutuel","Coopérative","5 RUE DU COMMERCE ,  79170 ,  BRIOUX SUR BOUTONNE"
"Crédit Mutuel","Coopérative","22 PLACE CAIL ,  79110 ,  CHEF BOUTONNE"
"Crédit Mutuel","Coopérative","20 PLACE DU MARCHE ,  79500 ,  MELLE"
"Crédit Mutuel","Coopérative","85 GRANDE RUE ,  79190 ,  SAUZE VAUSSAIS"
"Crédit Mutuel","Coopérative","68 AVENUE DE NIORT ,  79370 ,  CELLES SUR BELLE"
"Crédit Mutuel","Coopérative","29 RUE ESPRIT DES LOIS ,  33075 ,  BORDEAUX"
"Crédit Mutuel","Coopérative","50 BOULEVARD RAYMOND FOURCADE ,  47200 ,  MARMANDE"
"Crédit Mutuel","Coopérative","1817 ROUTE DE NIORT ,  79230 ,  AIFFRES"
"Crédit Mutuel","Coopérative","40 RUE D AURON ,  18000 ,  BOURGES"
"Crédit Mutuel","Coopérative","1 RUE DE SARREBOURG ,  18000 ,  BOURGES"
"Crédit Mutuel","Coopérative","ROUTE DE LA CHARITE ,  18000 ,  BOURGES"
"Crédit Mutuel","Coopérative","62 ROUTE D ORLEANS ,  18230 ,  ST DOULCHARD"
"Crédit Mutuel","Coopérative","9 RUE BLANCHE BARON ,  18102 ,  VIERZON"
"Crédit Mutuel","Coopérative","1 RUE DE LA REPUBLIQUE ,  36100 ,  ISSOUDUN"
"Crédit Mutuel","Coopérative","1 RUE SAINT JACQUES ,  58200 ,  COSNE COURS SUR LOIRE"
"Crédit Mutuel","Coopérative","1 PLACE DU GENERAL DE GAULLE ,  41200 ,  ROMORANTIN LANTHENAY"
"Crédit Mutuel","Coopérative","3 ROUTE D ISSOUDUN ,  36130 ,  DEOLS"
"Crédit Mutuel","Coopérative","5 RUE JEAN JAURES ,  36000 ,  CHATEAUROUX"
"Crédit Mutuel","Coopérative","33 AVENUE D OCCITANIE ,  36250 ,  ST MAUR"
"Crédit Mutuel","Coopérative","26 RUE GAMBETTA ,  45500 ,  GIEN"
"Crédit Mutuel","Coopérative","5 RUE DES HUILIERS ,  45600 ,  SULLY SUR LOIRE"
"Crédit Mutuel","Coopérative","69 RUE DU GENERAL LECLERC ,  45240 ,  LA FERTE ST AUBIN"
"Crédit Mutuel","Coopérative","1 RUE PIERRE HENRI MAUGER ,  41700 ,  LE CONTROIS EN SOLOGNE"
"Crédit Mutuel","Coopérative","2 PLACE ARISTIDE BRIAND ,  45110 ,  CHATEAUNEUF SUR LOIRE"
"Crédit Mutuel","Coopérative","77 RUE DE CHAMPAGNE ,  45160 ,  OLIVET"
"Crédit Mutuel","Coopérative","127 AVENUE NATIONALE ,  45430 ,  CHECY"
"Crédit Mutuel","Coopérative","1298 AVENUE D ANTIBES ,  45200 ,  AMILLY"
"Crédit Mutuel","Coopérative","185 RUE DES CLOUSEAUX ,  41350 ,  ST GERVAIS LA FORET"
"Crédit Mutuel","Coopérative","55 RUE NATIONALE ,  41400 ,  MONTRICHARD VAL DE CHER"
"Crédit Mutuel","Coopérative","2 RUE DU COMMERCE ,  41000 ,  BLOIS"
"Crédit Mutuel","Coopérative","34 PLACE DE LA NATION ,  87500 ,  ST YRIEIX LA PERCHE"
"Crédit Mutuel","Coopérative","4 ALLEE D ITALIE ,  87220 ,  FEYTIAT"
"Crédit Mutuel","Coopérative","20 PLACE DU COMMERCE ,  87350 ,  PANAZOL"
"Crédit Mutuel","Coopérative","80 AVENUE MAL D LATTRE DE TASSIGNY ,  87000 ,  LIMOGES"
"Crédit Mutuel","Coopérative","26 AVENUE MARTIN LUTHER KING ,  87000 ,  LIMOGES"
"Crédit Mutuel","Coopérative","53 AVENUE DU PRESIDENT WILSON ,  87700 ,  AIXE SUR VIENNE"
"Crédit Mutuel","Coopérative","13 PLACE JOURDAN ,  87000 ,  LIMOGES"
"Crédit Mutuel","Coopérative","61 AVENUE DU GENERAL LECLERC ,  87100 ,  LIMOGES"
"Crédit Mutuel","Coopérative","14 RUE GEORGES BRIQUET ,  87100 ,  LIMOGES"
"Crédit Mutuel","Coopérative","7 RUE PASTEUR ,  87410 ,  LE PALAIS SUR VIENNE"
"Crédit Mutuel","Coopérative","91 AVENUE DE LIMOGES ,  87270 ,  COUZEIX"
"Crédit Mutuel","Coopérative","1 RUE JEAN MONNET ,  87570 ,  RILHAC RANCON"
"Crédit Mutuel","Coopérative","27 BOULEVARD VICTOR HUGO ,  87200 ,  ST JUNIEN"
"Crédit Mutuel","Coopérative","23 RUE DOMINIQUE ANCEMOT ,  21120 ,  IS SUR TILLE"
"Crédit Mutuel","Coopérative","44 RUE HUBERT LANGUET ,  21350 ,  VITTEAUX"
"Crédit Mutuel","Coopérative","1 AVENUE EDOUARD SPAHR ,  21260 ,  SELONGEY"
"Crédit Mutuel","Coopérative","3 RUE DE LA LIBERTE ,  21140 ,  SEMUR EN AUXOIS"
"Crédit Mutuel","Coopérative","9 AVENUE FRANCOIS MITTERRAND ,  21370 ,  PLOMBIERES LES DIJON"
"Crédit Mutuel","Coopérative","4 RUE JEANNE BARRET ,  21000 ,  DIJON"
"Crédit Mutuel","Coopérative","1 AVENUE DE LA DECOUVERTE ,  21000 ,  DIJON"
"Crédit Mutuel","Coopérative","24 AVENUE ALBERT CAMUS ,  21098 ,  DIJON"
"Crédit Mutuel","Coopérative","26 AVENUE ALBERT CAMUS ,  21000 ,  DIJON"
"Crédit Mutuel","Coopérative","34 BOULEVARD DE TROYES ,  21240 ,  TALANT"
"Crédit Mutuel","Coopérative","37 RUE DU FAUBOURG SAINT NICOLAS ,  21121 ,  FONTAINE LES DIJON"
"Crédit Mutuel","Coopérative","12 PLACE DARCY ,  21054 ,  DIJON"
"Crédit Mutuel","Coopérative","10 PLACE DARCY ,  21054 ,  DIJON"
"Crédit Mutuel","Coopérative","15 BOULEVARD DE LA MARNE ,  21000 ,  DIJON"
"Crédit Mutuel","Coopérative","67 AVENUE GUSTAVE EIFFEL ,  21000 ,  DIJON"
"Crédit Mutuel","Coopérative","2 PLACE GALILEE ,  21000 ,  DIJON"
"Crédit Mutuel","Coopérative","8 RUE SAULNIER ,  21230 ,  ARNAY LE DUC"
"Crédit Mutuel","Coopérative","11 AVENUE GENERAL DE GAULLE ,  21320 ,  POUILLY EN AUXOIS"
"Crédit Mutuel","Coopérative","14 B AVENUE CHARLES DE GAULLE ,  71400 ,  AUTUN"
"Crédit Mutuel","Coopérative","3 RUE DE LA FOIRE ,  21210 ,  SAULIEU"
"Crédit Mutuel","Coopérative","14 RUE CHARLES GIRAUD ,  21190 ,  MEURSAULT"
"Crédit Mutuel","Coopérative","14 RUE GUSTAVE EIFFEL ,  21200 ,  BEAUNE"
"Crédit Mutuel","Coopérative","6 PLACE FLEURY ,  21200 ,  BEAUNE"
"Crédit Mutuel","Coopérative","2 RUE DU BOURG ,  71150 ,  CHAGNY"
"Crédit Mutuel","Coopérative","5 RUE DU 18 DECEMBRE ,  21704 ,  NUITS ST GEORGES"
"Crédit Mutuel","Coopérative","59 RUE MARECHAL FOCH ,  71200 ,  LE CREUSOT"
"Crédit Mutuel","Coopérative","16 RUE JEAN JAURES ,  71200 ,  LE CREUSOT"
"Crédit Mutuel","Coopérative","1 ROUTE DE BEAUNE ,  21220 ,  GEVREY CHAMBERTIN"
"Crédit Mutuel","Coopérative","63 AVENUE DE LA REPUBLIQUE ,  71210 ,  MONTCHANIN"
"Crédit Mutuel","Coopérative","18 PLACE DU PETIT FORUM ,  21160 ,  MARSANNAY LA COTE"
"Crédit Mutuel","Coopérative","119 AVENUE ROLAND CARRAZ ,  21300 ,  CHENOVE"
"Crédit Mutuel","Coopérative","38 AVENUE CONDORCET ,  71880 ,  CHATENOY LE ROYAL"
"Crédit Mutuel","Coopérative","104 RUE EMILE GRUET ,  21130 ,  AUXONNE"
"Crédit Mutuel","Coopérative","43 RUE DU 8 MAI 1945 ,  21270 ,  PONTAILLER SUR SAONE"
"Crédit Mutuel","Coopérative","4 RUE PASTEUR ,  21110 ,  GENLIS"
"Crédit Mutuel","Coopérative","34 AVENUE LEON JOUHAUX ,  39102 ,  DOLE"
"Crédit Mutuel","Coopérative","7 A AVENUE DE LA GARE D EAU ,  21170 ,  ST JEAN DE LOSNE"
"Crédit Mutuel","Coopérative","29 RUE MARCEL AYME ,  39102 ,  DOLE"
"Crédit Mutuel","Coopérative","19 PLACE DE L HOTEL DE VILLE ,  21470 ,  BRAZEY EN PLAINE"
"Crédit Mutuel","Coopérative","4 AVENUE KENNEDY ,  39500 ,  TAVAUX"
"Crédit Mutuel","Coopérative","2 PLACE DE LA LIBERTE ,  21800 ,  CHEVIGNY ST SAUVEUR"
"Crédit Mutuel","Coopérative","34 GRANDE RUE ,  21310 ,  MIREBEAU SUR BEZE"
"Crédit Mutuel","Coopérative","4 PLACE CENTRALE ROGER REMOND ,  21800 ,  QUETIGNY"
"Crédit Mutuel","Coopérative","18 ROUTE DE DIJON ,  21600 ,  LONGVIC"
"Crédit Mutuel","Coopérative","605 ROUTE DE GRAY ,  21850 ,  ST APOLLINAIRE"
"Crédit Mutuel","Coopérative","63 RUE DE MIRANDE ,  21000 ,  DIJON"
"Crédit Mutuel","Coopérative","4 GR DU FG SAINT GEORGES ,  21250 ,  SEURRE"
"Crédit Mutuel","Coopérative","30 RUE CHEVREUL ,  21000 ,  DIJON"
"Crédit Mutuel","Coopérative","1 RUE LAMONNOYE ,  21000 ,  DIJON"
"Crédit Mutuel","Coopérative","12 PLACE DE LA LIBERTE ,  71350 ,  VERDUN SUR LE DOUBS"
"Crédit Mutuel","Coopérative","PLACE DU JEU DE PAUME ,  21460 ,  EPOISSES"
"Crédit Mutuel","Coopérative","35 GRANDE RUE ARISTIDE BRIAND ,  89200 ,  AVALLON"
"Crédit Mutuel","Coopérative","12 PLACE CHARLES LEPERE ,  89000 ,  AUXERRE"
"Crédit Mutuel","Coopérative","30 AVENUE CHARLES DE GAULLE ,  89000 ,  AUXERRE"
"Crédit Mutuel","Coopérative","PLACE HENRI IV ,  21610 ,  FONTAINE FRANCAISE"
"Crédit Mutuel","Coopérative","5 BOULEVARD DES GRANDS MOULINS ,  70100 ,  GRAY"
"Crédit Mutuel","Coopérative","2 RUE FERNAND PERROT ,  70150 ,  MARNAY"
"Crédit Mutuel","Coopérative","26 BOULEVARD JEAN MOULIN ,  23300 ,  LA SOUTERRAINE"
"Crédit Mutuel","Coopérative","2 RUE LOUIS JOUVET ,  87300 ,  BELLAC"
"Crédit Mutuel","Coopérative","14 BOULEVARD GAMBETTA ,  86500 ,  MONTMORILLON"
"Crédit Mutuel","Coopérative","23 ROUTE DE MONTMORILLON ,  86320 ,  LUSSAC LES CHATEAUX"
"Crédit Mutuel","Coopérative","14 ALLEE DU CHENE ,  25400 ,  AUDINCOURT"
"Crédit Mutuel","Coopérative","16 RUE ETIENNE OEHMICHEN ,  25700 ,  VALENTIGNEY"
"Crédit Mutuel","Coopérative","118 RUE DU GENERAL LECLERC ,  25230 ,  SELONCOURT"
"Crédit Mutuel","Coopérative","ZAC DU PIED DES GOUTTES ,  25200 ,  MONTBELIARD"
"Crédit Mutuel","Coopérative","3 AVENUE DU GEN CHARLES DE GAULLE ,  25460 ,  ETUPES"
"Crédit Mutuel","Coopérative","7 RUE DE PONTARLIER ,  25600 ,  SOCHAUX"
"Crédit Mutuel","Coopérative","2 IMPASSE DES GRAVIERS ,  25200 ,  MONTBELIARD"
"Crédit Mutuel","Coopérative","6 RUE GEORGES CLEMENCEAU ,  25200 ,  MONTBELIARD"
"Crédit Mutuel","Coopérative","2 RUE DU 17 NOVEMBRE ,  25350 ,  MANDEURE"
"Crédit Mutuel","Coopérative","20 RUE PIERRE CURIE ,  25200 ,  GRAND CHARMONT"
"Crédit Mutuel","Coopérative","2 RUE DU CHAMP DU MOULIN ,  25200 ,  BETHONCOURT"
"Crédit Mutuel","Coopérative","2 RUE PIERRE BEUCLER ,  90500 ,  BEAUCOURT"
"Crédit Mutuel","Coopérative","10 GRANDE RUE ,  90400 ,  TREVENANS"
"Crédit Mutuel","Coopérative","33 RUE GENERAL LECLERC ,  90600 ,  GRANDVILLARS"
"Crédit Mutuel","Coopérative","2 A RUE DES BUIS ,  25150 ,  PONT DE ROIDE VERMONDANS"
"Crédit Mutuel","Coopérative","38 AVENUE LEON JOUHAUX ,  70400 ,  HERICOURT"
"Crédit Mutuel","Coopérative","32 FAUBOURG DE BELFORT ,  90101 ,  DELLE"
"Crédit Mutuel","Coopérative","7 RUE D ANDELNANS ,  90400 ,  DANJOUTIN"
"Crédit Mutuel","Coopérative","47 GR FRANCOIS MITTERRAND ,  90800 ,  BAVILLIERS"
"Crédit Mutuel","Coopérative","1 RUE JEAN DOLLFUS ,  90000 ,  BELFORT"
"Crédit Mutuel","Coopérative","20 RUE DE LA PRAIRIE ,  25114 ,  BAUME LES DAMES"
"Crédit Mutuel","Coopérative","4 B PLACE DU MARCHE ,  25680 ,  ROUGEMONT"
"Crédit Mutuel","Coopérative","2 RUE DU MAGNY ,  25250 ,  L ISLE SUR LE DOUBS"
"Crédit Mutuel","Coopérative","5 RUE DU LAVOIR ,  25800 ,  VALDAHON"
"Crédit Mutuel","Coopérative","118 RUE FRANCOIS GRAMMONT ,  70110 ,  VILLERSEXEL"
"Crédit Mutuel","Coopérative","34 RUE DU TACOT ,  70190 ,  RIOZ"
"Crédit Mutuel","Coopérative","2 GRANDE RUE ,  25660 ,  SAONE"
"Crédit Mutuel","Coopérative","154 RUE DE BELFORT ,  25000 ,  BESANCON"
"Crédit Mutuel","Coopérative","15 B AVENUE FONTAINE ARGENT ,  25000 ,  BESANCON"
"Crédit Mutuel","Coopérative","1 PLACE FLORE ,  25000 ,  BESANCON"
"Crédit Mutuel","Coopérative","3 BIS AVENUE ELISEE CUSENIER ,  25013 ,  BESANCON"
"Crédit Mutuel","Coopérative","1 ROUTE DE GILLEY ,  25390 ,  ORCHAMPS VENNES"
"Crédit Mutuel","Coopérative","6 RUE JEAN WYRSCH ,  25000 ,  BESANCON"
"Crédit Mutuel","Coopérative","4 RUE GUSTAVE COURBET ,  25014 ,  BESANCON"
"Crédit Mutuel","Coopérative","ROUTE DE CHATILLON ,  25870 ,  CHATILLON LE DUC"
"Crédit Mutuel","Coopérative","13 B AVENUE DE MONTRAPON ,  25000 ,  BESANCON"
"Crédit Mutuel","Coopérative","65 BIS RUE DE DOLE ,  25020 ,  BESANCON"
"Crédit Mutuel","Coopérative","5 RUE MADELEINE BRES ,  25000 ,  BESANCON"
"Crédit Mutuel","Coopérative","PLACE DU JURA ,  25290 ,  ORNANS"
"Crédit Mutuel","Coopérative","14 RUE ANDRE BRETON ,  25058 ,  BESANCON"
"Crédit Mutuel","Coopérative","13 B AVENUE DE L ILE DE FRANCE ,  25000 ,  BESANCON"
"Crédit Mutuel","Coopérative","12 RUE DE BESANCON ,  25410 ,  ST VIT"
"Crédit Mutuel","Coopérative","18 RUE DE LA REPUBLIQUE ,  39110 ,  SALINS LES BAINS"
"Crédit Mutuel","Coopérative","9 RUE DE LA REPUBLIQUE ,  90000 ,  BELFORT"
"Crédit Mutuel","Coopérative","1 PLACE DE LA REPUBLIQUE ,  90004 ,  BELFORT"
"Crédit Mutuel","Coopérative","2 RUE DE L ETANG ,  90000 ,  BELFORT"
"Crédit Mutuel","Coopérative","2 RUE DE SAINT HIPPOLYTE ,  25120 ,  MAICHE"
"Crédit Mutuel","Coopérative","RUE PASTEUR ,  25130 ,  VILLERS LE LAC"
"Crédit Mutuel","Coopérative","23 GRANDE RUE ,  25500 ,  MORTEAU"
"Crédit Mutuel","Coopérative","1 RUE DE BELFORT ,  68210 ,  MONTREUX VIEUX"
"Crédit Mutuel","Coopérative","6 RUE ANDRE ROZ ,  25300 ,  DOUBS"
"Crédit Mutuel","Coopérative","17 RUE DE SALINS ,  25300 ,  PONTARLIER"
"Crédit Mutuel","Coopérative","16 ROUTE DE LA POSTE ,  25370 ,  LES HOPITAUX NEUFS"
"Crédit Mutuel","Coopérative","50 RUE DU MARECHAL FOCH ,  39300 ,  CHAMPAGNOLE"
"Crédit Mutuel","Coopérative","34 PLACE DE LA LIBERTE ,  39600 ,  ARBOIS"
"Crédit Mutuel","Coopérative","RUE DU LAC ,  74500 ,  EVIAN LES BAINS"
"Crédit Mutuel","Coopérative","18 PLACE DES DEPORTES ,  39800 ,  POLIGNY"
"Crédit Mutuel","Coopérative","CENTRE COMMERCIAL ,  38780 ,  PONT EVEQUE"
"Crédit Mutuel","Coopérative","1 PLACE HENRI BARBUSSE ,  69700 ,  GIVORS"
"Crédit Mutuel","Coopérative","1 PLACE DEAGENT ,  38160 ,  ST MARCELLIN"
"Crédit Mutuel","Coopérative","36 RUE VICTOR HUGO ,  86400 ,  CIVRAY"
"Crédit Mutuel","Coopérative","1 B PLACE DE LA PAYSE ,  79120 ,  LEZAY"
"Crédit Mutuel","Coopérative","13 AVENUE DE PARIS ,  86370 ,  VIVONNE"
"Crédit Mutuel","Coopérative","PLACE CLEMENCEAU ,  79800 ,  LA MOTHE ST HERAY"
"Crédit Mutuel","Coopérative","56 AVENUE DE PARIS ,  79260 ,  LA CRECHE"
"Crédit Mutuel","Coopérative","10 AVENUE GAMBETTA ,  79400 ,  ST MAIXENT L ECOLE"
"Crédit Mutuel","Coopérative","13 PLACE ARISTIDE BRIAND ,  27110 ,  LE NEUBOURG"
"Crédit Mutuel","Coopérative","25 PLACE CARNOT ,  27190 ,  CONCHES EN OUCHE"
"Crédit Mutuel","Coopérative","7 PLACE SAINT MARTIN ,  61300 ,  L AIGLE"
"Crédit Mutuel","Coopérative","26 RUE DES MARTYRS ,  76500 ,  ELBEUF"
"Crédit Mutuel","Coopérative","10 RUE CHARTRAINE ,  27000 ,  EVREUX"
"Crédit Mutuel","Coopérative","21 RUE JEAN MOULIN ,  27000 ,  EVREUX"
"Crédit Mutuel","Coopérative","23 RUE DU MARECHAL FOCH ,  27400 ,  LOUVIERS"
"Crédit Mutuel","Coopérative","80 RUE DE LA PIERRE D ETAT ,  76650 ,  PETIT COURONNE"
"Crédit Mutuel","Coopérative","22 RUE DE LA POISSONNERIE ,  27130 ,  VERNEUIL D AVRE ET D ITON"
"Crédit Mutuel","Coopérative","60 RUE CHARLES RENARD ,  28350 ,  ST LUBIN DES JONCHERETS"
"Crédit Mutuel","Coopérative","23 RUE DE PARIS ,  28270 ,  BREZOLLES"
"Crédit Mutuel","Coopérative","81 RUE EDOUARD ISAMBARD ,  27120 ,  PACY SUR EURE"
"Crédit Mutuel","Coopérative","20 RUE DU GENERAL DE GAULLE ,  27600 ,  GAILLON"
"Crédit Mutuel","Coopérative","66 ROUTE DE CRECY ,  28500 ,  VERNOUILLET"
"Crédit Mutuel","Coopérative","16 RUE DES GAULTS ,  28109 ,  DREUX"
"Crédit Mutuel","Coopérative","37 RUE D ALBUFERA ,  27200 ,  VERNON"
"Crédit Mutuel","Coopérative","8 RUE LOUIS PEURET ,  28250 ,  SENONCHES"
"Crédit Mutuel","Coopérative","3 RUE DE LA VERRERIE ,  61190 ,  TOUROUVRE AU PERCHE"
"Crédit Mutuel","Coopérative","2 PLACE NICOLAS POUSSIN ,  27700 ,  LES ANDELYS"
"Crédit Mutuel","Coopérative","4 RUE JEAN JACQUES ROUSSEAU ,  76800 ,  ST ETIENNE DU ROUVRAY"
"Crédit Mutuel","Coopérative","5 AVENUE DE LA REPUBLIQUE ,  78200 ,  MANTES LA JOLIE"
"Crédit Mutuel","Coopérative","75 ROUTE DE PARIS ,  76240 ,  LE MESNIL ESNARD"
"Crédit Mutuel","Coopérative","11 PLACE DE L HOTEL DE VILLE ,  76300 ,  SOTTEVILLE LES ROUEN"
"Crédit Mutuel","Coopérative","63 RUE SADI CARNOT ,  76160 ,  DARNETAL"
"Crédit Mutuel","Coopérative","71 AVENUE DES PROVINCES ,  76120 ,  LE GRAND QUEVILLY"
"Crédit Mutuel","Coopérative","20 RUE DE VIENNE ,  27140 ,  GISORS"
"Crédit Mutuel","Coopérative","120 RUE SAINT JULIEN ,  76100 ,  ROUEN"
"Crédit Mutuel","Coopérative","96 RUE SAINT SEVER ,  76100 ,  ROUEN"
"Crédit Mutuel","Coopérative","1 RUE DE LA REPUBLIQUE ,  60240 ,  CHAUMONT EN VEXIN"
"Crédit Mutuel","Coopérative","2 RUE DES BOUCHERS ,  76220 ,  GOURNAY EN BRAY"
"Crédit Mutuel","Coopérative","32 PLACE DE L HOTEL DE VILLE ,  60110 ,  MERU"
"Crédit Mutuel","Coopérative","156 RUE DE PARIS ,  60000 ,  BEAUVAIS"
"Crédit Mutuel","Coopérative","4 RUE DES JACOBINS ,  60000 ,  BEAUVAIS"
"Crédit Mutuel","Coopérative","47 RUE DE CALAIS ,  60000 ,  BEAUVAIS"
"Crédit Mutuel","Coopérative","57 B RUE ARISTIDE BRIAND ,  95520 ,  OSNY"
"Crédit Mutuel","Coopérative","11 RUE THIERS ,  95300 ,  PONTOISE"
"Crédit Mutuel","Coopérative","10 RUE DU MARCHE NEUF ,  95000 ,  CERGY"
"Crédit Mutuel","Coopérative","12 RUE DES GALERIES ,  95000 ,  CERGY"
"Crédit Mutuel","Coopérative","18 RUE DU GENERAL LECLERC ,  95310 ,  ST OUEN L AUMONE"
"Crédit Mutuel","Coopérative","CENTRE COMMERCIAL FAMILY VILLAGE ,  78410 ,  AUBERGENVILLE"
"Crédit Mutuel","Coopérative","89 PLACE DE L HOTEL DE VILLE ,  60230 ,  CHAMBLY"
"Crédit Mutuel","Coopérative","72 AVENUE JEAN JAURES ,  76140 ,  LE PETIT QUEVILLY"
"Crédit Mutuel","Coopérative","377 PLACE DU GENERAL DE GAULLE ,  76480 ,  DUCLAIR"
"Crédit Mutuel","Coopérative","42 RUE JEANNE D ARC ,  76001 ,  ROUEN"
"Crédit Mutuel","Coopérative","27 PLACE SAINT MARC ,  76000 ,  ROUEN"
"Crédit Mutuel","Coopérative","1 RUE NATIONALE ,  78940 ,  LA QUEUE LES YVELINES"
"Crédit Mutuel","Coopérative","6 RUE DE LA VOLAILLE ,  28210 ,  NOGENT LE ROI"
"Crédit Mutuel","Coopérative","136 PLACE GASTON SANSON ,  76640 ,  TERRES DE CAUX"
"Crédit Mutuel","Coopérative","3 RUE LOUIS BOUILHET ,  76190 ,  YVETOT"
"Crédit Mutuel","Coopérative","61 RUE JEAN MOULIN ,  28170 ,  CHATEAUNEUF EN THYMERAIS"
"Crédit Mutuel","Coopérative","10 RUE DE L EGLISE ,  28240 ,  LA LOUPE"
"Crédit Mutuel","Coopérative","54 RUE PANNARD ,  28190 ,  COURVILLE SUR EURE"
"Crédit Mutuel","Coopérative","3 PLACE DU GENERAL DE GAULLE ,  61110 ,  REMALARD EN PERCHE"
"Crédit Mutuel","Coopérative","24 RUE COLLIN D HARLEVILLE ,  28130 ,  MAINTENON"
"Crédit Mutuel","Coopérative","45 AVENUE DE LA PAIX ,  28300 ,  LEVES"
"Crédit Mutuel","Coopérative","22 PLACE DU MARCHE ,  28700 ,  AUNEAU BLEURY ST SYMPHORIEN"
"Crédit Mutuel","Coopérative","7 RUE DE LA PORTE DE CHARTRES ,  28320 ,  GALLARDON"
"Crédit Mutuel","Coopérative","13 RUE BOURGEOISE ,  28231 ,  EPERNON"
"Crédit Mutuel","Coopérative","4 B AVENUE GUSTAVE EIFFEL ,  28630 ,  GELLAINVILLE"
"Crédit Mutuel","Coopérative","RUE DE LA MADELEINE ,  28000 ,  CHARTRES"
"Crédit Mutuel","Coopérative","95 RUE D ANGIVILLER ,  78511 ,  RAMBOUILLET"
"Crédit Mutuel","Coopérative","4 RUE MATHURIN REGNIER ,  28000 ,  CHARTRES"
"Crédit Mutuel","Coopérative","16 AVENUE DE LA REPUBLIQUE ,  28600 ,  LUISANT"
"Crédit Mutuel","Coopérative","167 RUE DE LA REPUBLIQUE ,  28300 ,  MAINVILLIERS"
"Crédit Mutuel","Coopérative","118 RUE DE LA REPUBLIQUE ,  28110 ,  LUCE"
"Crédit Mutuel","Coopérative","2 PLACE TESSIER ,  91670 ,  ANGERVILLE"
"Crédit Mutuel","Coopérative","11 RUE DE VERDUN ,  28150 ,  LES VILLAGES VOVEENS"
"Crédit Mutuel","Coopérative","3 RUE SAINTE CROIX ,  91150 ,  ETAMPES"
"Crédit Mutuel","Coopérative","6 RUE DE LA MADELEINE ,  28310 ,  JANVILLE"
"Crédit Mutuel","Coopérative","134 RUE NATIONALE ,  28310 ,  TOURY"
"Crédit Mutuel","Coopérative","1 RUE DU 11 NOVEMBRE ,  28120 ,  BAILLEAU LE PIN"
"Crédit Mutuel","Coopérative","9 RUE DU SOUS LT GERMOND ,  28330 ,  AUTHON DU PERCHE"
"Crédit Mutuel","Coopérative","6 RUE DE LA HERSE ,  28402 ,  NOGENT LE ROTROU"
"Crédit Mutuel","Coopérative","1 RUE CARNOT ,  72400 ,  LA FERTE BERNARD"
"Crédit Mutuel","Coopérative","2 RUE XAVIER BOUTET ,  72320 ,  VIBRAYE"
"Crédit Mutuel","Coopérative","77 GRANDE RUE ,  28290 ,  COMMUNE NOUVELLE D ARROU"
"Crédit Mutuel","Coopérative","14 RUE DE LA CHEVALERIE ,  28160 ,  BROU"
"Crédit Mutuel","Coopérative","29 PLACE DU MARCHE ,  41170 ,  MONDOUBLEAU"
"Crédit Mutuel","Coopérative","24 RUE DE CHARTRES ,  28120 ,  ILLIERS COMBRAY"
"Crédit Mutuel","Coopérative","37 RUE BOUCICAUT ,  61130 ,  BELLEME"
"Crédit Mutuel","Coopérative","2 RUE DES HALLES ,  72120 ,  ST CALAIS"
"Crédit Mutuel","Coopérative","3 RUE MICHEL BEAUFILS ,  72160 ,  CONNERRE"
"Crédit Mutuel","Coopérative","44 RUE NATIONALE ,  28220 ,  CLOYES LES TROIS RIVIERES"
"Crédit Mutuel","Coopérative","31 ROUTE NATIONALE ,  28200 ,  ST DENIS LANNERAY"
"Crédit Mutuel","Coopérative","7 RUE DU MARECHAL LECLERC ,  72110 ,  BONNETABLE"
"Crédit Mutuel","Coopérative","2 RUE DU VAL DE LOIR ,  72440 ,  BOULOIRE"
"Crédit Mutuel","Coopérative","25 PLACE DU 18 OCTOBRE ,  28200 ,  CHATEAUDUN"
"Crédit Mutuel","Coopérative","5 RUE DE LA GREVE ,  28800 ,  BONNEVAL"
"Crédit Mutuel","Coopérative","29 RUE DE BELLEVUE ,  28140 ,  ORGERES EN BEAUCE"
"Crédit Mutuel","Coopérative","23 PLACE DE L HOTEL DE VILLE ,  45410 ,  ARTENAY"
"Crédit Mutuel","Coopérative","20 RUE DE LA CROIX BLANCHE ,  45310 ,  PATAY"
"Crédit Mutuel","Coopérative","3 PLACE DE L EGLISE ,  41240 ,  BEAUCE LA ROMAINE"
"Crédit Mutuel","Coopérative","29 GRANDE RUE ,  41290 ,  OUCQUES LA NOUVELLE"
"Crédit Mutuel","Coopérative","3 FAUBOURG CHARTRAIN ,  41100 ,  VENDOME"
"Crédit Mutuel","Coopérative","60 RUE JEHAN DE MEUNG ,  45130 ,  MEUNG SUR LOIRE"
"Crédit Mutuel","Coopérative","23 PLACE DU MARTROI ,  45190 ,  BEAUGENCY"
"Crédit Mutuel","Coopérative","2 AVENUE DE LA GRENAUDIERE ,  45140 ,  INGRE"
"Crédit Mutuel","Coopérative","12 RUE SAINT DENIS ,  41800 ,  MONTOIRE SUR LE LOIR"
"Crédit Mutuel","Coopérative","5 PLACE DE L HOTEL DE VILLE ,  72310 ,  BESSE SUR BRAYE"
"Crédit Mutuel","Coopérative","8 RUE DANTON ,  78990 ,  ELANCOURT"
"Crédit Mutuel","Coopérative","2 RUE JEAN JACQUES ROUSSEAU ,  78370 ,  PLAISIR"
"Crédit Mutuel","Coopérative","PLACE DU 14 JUILLET ,  78470 ,  ST REMY LES CHEVREUSE"
"Crédit Mutuel","Coopérative","2 PLACE DU GENERAL LECLERC ,  45170 ,  NEUVILLE AUX BOIS"
"Crédit Mutuel","Coopérative","33 RUE AMIRAL GOURDON ,  45300 ,  PITHIVIERS"
"Crédit Mutuel","Coopérative","3 RUE DES 15 FUSILLES ,  61400 ,  MORTAGNE AU PERCHE"
"Crédit Mutuel","Coopérative","55 PLACE CARNOT ,  72600 ,  MAMERS"
"Crédit Mutuel","Coopérative","5 PLACE DES TILLEULS ,  72260 ,  MAROLLES LES BRAULTS"
"Crédit Mutuel","Coopérative","377 RUE DE LA FONTAINE ,  45771 ,  SARAN"
"Crédit Mutuel","Coopérative","224 ANCIENNE ROUTE DE CHARTRES ,  45770 ,  SARAN"
"Crédit Mutuel","Coopérative","130 RUE MARCELIN BERTHELOT ,  45400 ,  FLEURY LES AUBRAIS"
"Crédit Mutuel","Coopérative","50 RUE CHARLES BEAUHAIRE ,  45140 ,  ST JEAN DE LA RUELLE"
"Crédit Mutuel","Coopérative","103 B RUE DU FAUBOURG MADELEINE ,  45000 ,  ORLEANS"
"Crédit Mutuel","Coopérative","105 RUE DU FAUBOURG MADELEINE ,  45920 ,  ORLEANS"
"Crédit Mutuel","Coopérative","20 RUE GEORGES DANTON ,  45800 ,  ST JEAN DE BRAYE"
"Crédit Mutuel","Coopérative","61 RUE DE LA BRETONNERIE ,  45000 ,  ORLEANS"
"Crédit Mutuel","Coopérative","100 RUE BANNIER ,  45000 ,  ORLEANS"
"Crédit Mutuel","Coopérative","29 PLACE DU CHATELET ,  45000 ,  ORLEANS"
"Crédit Mutuel","Coopérative","60 AVENUE DE LA MER ,  34130 ,  MAUGUIO"
"Crédit Mutuel","Coopérative","255 RUE DE L ACROPOLE ,  34061 ,  MONTPELLIER"
"Crédit Mutuel","Coopérative","PLACE ERNEST GRANIER ,  34000 ,  MONTPELLIER"
"Crédit Mutuel","Coopérative","55 ROUTE DE FRONTON ,  31140 ,  AUCAMVILLE"
"Crédit Mutuel","Coopérative","2 RUE DU PONT VIEIL ,  31780 ,  CASTELGINEST"
"Crédit Mutuel","Coopérative","51 AVENUE DE TOULOUSE ,  31240 ,  L UNION"
"Crédit Mutuel","Coopérative","115 ROUTE D ALBI ,  31200 ,  TOULOUSE"
"Crédit Mutuel","Coopérative","3 RUE PROSPER FERRADOU ,  31700 ,  BLAGNAC"
"Crédit Mutuel","Coopérative","86 RUE DES PINS ,  31700 ,  BEAUZELLE"
"Crédit Mutuel","Coopérative","108 AVENUE DES MINIMES ,  31200 ,  TOULOUSE"
"Crédit Mutuel","Coopérative","141 RUE DU FAUBOURG BONNEFOY ,  31500 ,  TOULOUSE"
"Crédit Mutuel","Coopérative","CHEMIN BELBEZE ,  31240 ,  ST JEAN"
"Crédit Mutuel","Coopérative","6 RUE DE LA TUILERIE ,  31130 ,  BALMA"
"Crédit Mutuel","Coopérative","10 RUE DE LA TUILERIE ,  31132 ,  BALMA"
"Crédit Mutuel","Coopérative","31 AVENUE DE TOULOUSE ,  31150 ,  BRUGUIERES"
"Crédit Mutuel","Coopérative","7 ESP COMPANS CAFFARELLI ,  31000 ,  TOULOUSE"
"Crédit Mutuel","Coopérative","44 AVENUE DE L URSS ,  31400 ,  TOULOUSE"
"Crédit Mutuel","Coopérative","107 AVENUE DE MURET ,  31300 ,  TOULOUSE"
"Crédit Mutuel","Coopérative","9 PLACE DES PRADETTES ,  31100 ,  TOULOUSE"
"Crédit Mutuel","Coopérative","3 AVENUE ETIENNE BILLIERES ,  31300 ,  TOULOUSE"
"Crédit Mutuel","Coopérative","107 AVENUE CAMILLE PUJOL ,  31500 ,  TOULOUSE"
"Crédit Mutuel","Coopérative","2 RUE GEORGES DE BUFFON ,  31130 ,  BALMA"
"Crédit Mutuel","Coopérative","1 RUE DE MOURLAS ,  31700 ,  CORNEBARRIEU"
"Crédit Mutuel","Coopérative","PLACE D OCCITANIE ,  31770 ,  COLOMIERS"
"Crédit Mutuel","Coopérative","236 AVENUE DE GRANDE BRETAGNE ,  31300 ,  TOULOUSE"
"Crédit Mutuel","Coopérative","1 B RUE A LAURENT DE LAVOISIER ,  31770 ,  COLOMIERS"
"Crédit Mutuel","Coopérative","51 RUE D ALSACE LORRAINE ,  31000 ,  TOULOUSE"
"Crédit Mutuel","Coopérative","29 ALLEES JEAN JAURES ,  31000 ,  TOULOUSE"
"Crédit Mutuel","Coopérative","19 RUE DE METZ ,  31000 ,  TOULOUSE"
"Crédit Mutuel","Coopérative","19 BOULEVARD LAZARE CARNOT ,  31000 ,  TOULOUSE"
"Crédit Mutuel","Coopérative","2 RUE DU PORT HAUT ,  31330 ,  GRENADE"
"Crédit Mutuel","Coopérative","115 B ROUTE DE TOULOUSE ,  31620 ,  FRONTON"
"Crédit Mutuel","Coopérative","5 PLACE DU 8 MAI 1945 ,  31490 ,  LEGUEVIN"
"Crédit Mutuel","Coopérative","3 ALLEE DES COUSTOUS ,  65200 ,  BAGNERES DE BIGORRE"
"Crédit Mutuel","Coopérative","82 RUE MARECHAL FOCH ,  65000 ,  TARBES"
"Crédit Mutuel","Coopérative","19 AVENUE DU REGIMENT DE BIGORRE ,  65000 ,  TARBES"
"Crédit Mutuel","Coopérative","24 AVENUE ALSACE LORRAINE ,  65000 ,  TARBES"
"Crédit Mutuel","Coopérative","4 PLACE DE L HOTEL DE VILLE ,  32600 ,  L ISLE JOURDAIN"
"Crédit Mutuel","Coopérative","9 AVENUE D ALSACE ,  32000 ,  AUCH"
"Crédit Mutuel","Coopérative","20 PLACE JEAN JAURES ,  82700 ,  MONTECH"
"Crédit Mutuel","Coopérative","19 PLACE DU MARCADAL ,  65100 ,  LOURDES"
